year,month,day,網紅博客,網民,匿名,媒體,機構及社群,政界人士,企業品牌,演藝明星,商界名人,author_total,Facebook - 群組 或專頁,香港高登,香港01,LIHKG,香港討論區-discuss.com.hk,雅虎(香港),親子王國,香港討論區-uwants.com,Facebook香港,publisher_total,keywords_total,pos_count,neg_count,neu_count,emo_score,manual_pos,manual_neg,manual_equ,manualemo_score,correlation_keyword0,correlation_value0,correlation_keyword1,correlation_value1,correlation_keyword2,correlation_value2,arrival_total,departure_total
2020,2,12,2,5,16,21,4,3,0,1,0,52,33,1,14,1,1,2,0,0,0,52,56,10,0,0,1,10,9,0,0.052631579,武漢,8,中國,8,郵輪,7,1.565,0.985
2020,2,13,1,8,27,13,3,1,1,0,0,54,21,2,22,1,3,5,0,0,0,54,45,9,0,1,1,6,8,1,-0.142857143,武漢,15,冠狀,10,肺炎,5,1.466,4.806
2020,2,14,1,2,36,20,2,0,0,0,0,61,24,1,31,0,0,5,0,0,0,61,42,8,0,0,1,7,8,1,-0.066666667,學校,14,武漢,11,停課,8,16.521,21.541
2020,2,15,4,10,34,14,6,1,0,0,0,69,30,1,32,2,2,2,0,0,0,69,47,8,1,0,0.777777778,9,10,0,-0.052631579,病例,15,15,10,港人,9,16.764,22.339
2020,2,16,2,4,13,12,3,1,0,0,0,35,20,0,12,1,1,1,0,0,0,35,29,5,3,0,0.25,3,10,1,-0.538461538,中國,10,港人,6,聶德權,5,19.509,20.41
2020,2,17,3,5,17,7,1,2,0,0,0,35,15,0,13,1,2,4,0,0,0,35,44,7,1,0,0.75,5,6,1,-0.090909091,病人,4,肺炎,4,中國,3,23.393,19.458
2020,2,18,0,17,34,26,4,1,0,0,0,82,40,2,28,4,1,6,1,0,0,82,64,5,4,0,0.111111111,8,13,0,-0.238095238,16,25,武漢,17,肺炎,13,19.001,17.649
2020,2,19,9,9,36,23,5,2,0,0,0,84,44,1,29,1,2,7,0,0,0,84,71,7,0,2,1,15,13,1,0.071428571,武漢,16,港人,11,澳門,10,17.413,15.481
2020,2,20,5,6,31,21,5,0,0,0,0,68,31,2,23,0,3,8,1,0,0,68,56,4,4,0,0,10,13,1,-0.130434783,醫院,12,累計,11,16,10,15.658,16.059
2020,2,21,4,10,13,17,3,1,0,0,0,48,33,0,9,0,2,4,0,0,0,48,52,7,1,1,0.75,14,9,1,0.217391304,包機,9,港人,8,鑽石,7,16.649,19.47
2020,2,22,2,17,12,21,5,1,0,0,0,58,36,4,7,2,3,5,1,0,0,58,68,9,0,0,1,13,5,0,0.444444444,武漢,7,肺炎,7,醫院,6,17.935,20.897
2020,2,23,2,7,18,12,4,2,0,0,0,45,24,0,15,2,0,3,1,0,0,45,42,7,1,0,0.75,7,9,1,-0.125,冠狀,11,肺炎,7,佛堂,7,18.771,18.63
2020,2,24,3,15,25,17,3,0,0,0,0,63,30,1,23,1,6,2,0,0,0,63,47,7,1,0,0.75,10,13,0,-0.130434783,佛堂,14,醫院,13,肺炎,8,23.565,18.055
2020,2,25,3,7,13,19,7,0,0,0,0,49,34,1,11,0,1,2,0,0,0,49,40,7,0,0,1,6,14,0,-0.4,武漢,10,0,9,肺炎,7,19.97,17.785
2020,2,26,5,14,29,24,2,0,0,0,0,74,41,0,22,2,2,7,0,0,0,74,56,5,2,0,0.428571429,16,10,1,0.230769231,航班,16,北角,12,考生,12,17.832,15.329
2020,2,27,2,6,12,14,1,0,0,0,0,35,19,1,8,1,1,4,1,0,0,35,42,7,0,0,1,11,5,0,0.375,武漢,9,肺炎,5,佛堂,5,17.061,15.866
2020,2,28,2,9,17,18,2,0,0,0,0,48,29,1,14,0,1,3,0,0,0,48,43,5,1,1,0.666666667,6,7,2,-0.076923077,佛堂,10,肺炎,8,新冠,8,16.952,17.555
2020,2,29,1,4,20,13,2,0,0,0,0,40,17,0,17,3,0,3,0,0,0,40,38,6,2,0,0.5,7,6,0,0.076923077,冠狀,10,病毒,8,病例,6,18.448,20.644
2020,3,1,1,5,8,6,4,1,0,0,0,25,16,0,6,1,0,2,0,0,0,25,26,7,0,1,1,4,6,0,-0.2,肺炎,8,武漢,6,死亡,3,21.762,20.601
2020,3,2,5,10,16,8,2,3,0,0,0,44,22,1,13,4,1,3,0,0,0,44,48,6,1,1,0.714285714,3,10,1,-0.538461538,本港,6,佛堂,5,口罩,5,0,0
2020,3,3,1,8,5,11,5,1,0,0,0,31,23,1,2,0,1,3,0,1,0,31,42,7,1,0,0.75,11,6,0,0.294117647,肺炎,6,武漢,4,病例,3,131.004,86.081
2020,3,4,0,2,13,10,3,0,0,0,0,28,15,0,8,0,0,5,0,0,0,28,36,6,1,0,0.714285714,7,4,0,0.272727273,肺炎,7,新型,3,病例,3,17.437,17.348
2020,3,5,2,11,28,17,6,1,0,1,0,66,35,0,23,1,1,5,1,0,0,66,56,7,2,1,0.555555556,13,8,0,0.238095238,武漢,16,包機,13,香港,8,1.652,1.263
2020,3,6,0,3,9,13,7,1,0,0,0,33,22,1,8,0,1,1,0,0,0,33,35,6,2,0,0.5,8,3,0,0.454545455,武漢,8,過去,7,病例,6,1.647,0.531
2020,3,7,2,5,12,11,0,1,0,0,0,31,16,1,8,1,1,4,0,0,0,31,31,4,3,0,0.142857143,9,2,0,0.636363636,肺炎,6,武漢,5,新冠,5,2.419,1.301
2020,3,8,2,6,17,7,3,1,0,0,0,36,17,0,10,1,1,7,0,0,0,36,44,5,1,2,0.666666667,4,6,0,-0.2,病例,6,包機,5,武漢,4,3.711,3.463
2020,3,9,1,6,21,16,4,2,0,0,1,51,28,1,16,0,1,5,0,0,0,51,55,6,4,0,0.2,11,7,1,0.222222222,宗個案,8,肺炎,8,竹君,7,0.934,1.742
2020,3,10,0,6,15,13,2,1,0,0,0,37,20,0,12,1,1,3,0,0,0,37,42,5,3,0,0.25,8,3,0,0.454545455,疫情,6,累計,5,宗確,5,1.848,2.505
2020,3,11,3,5,15,8,1,3,0,0,0,35,19,0,12,0,0,3,0,1,0,35,31,7,1,1,0.75,9,2,0,0.636363636,肺炎,13,新冠,6,冠狀,3,1.967,1.385
2020,3,12,4,12,33,32,3,5,0,0,0,89,50,1,23,1,3,10,0,1,0,89,72,7,1,0,0.75,22,13,0,0.257142857,新冠,24,肺炎,21,埃及,13,1.694,2.296
2020,3,13,3,8,20,23,2,0,0,0,0,56,34,0,11,0,1,9,0,1,0,56,59,6,2,0,0.5,19,8,0,0.407407407,肺炎,14,新冠,14,武漢,5,1.704,4.619
2020,3,14,1,18,24,28,7,3,0,0,0,81,46,6,19,3,1,5,1,0,0,81,69,7,2,0,0.555555556,10,23,0,-0.393939394,新冠,15,診個案,10,首宗,10,18.745,16.43
2020,3,15,2,7,26,10,2,0,0,0,0,47,18,0,24,2,1,2,0,0,0,47,45,5,2,1,0.428571429,5,2,0,0.428571429,日到,9,單位,8,亨泰樓,8,19.282,16.685
2020,3,16,2,9,22,15,2,1,0,0,1,52,27,0,19,2,1,3,0,0,0,52,47,9,1,0,0.8,10,6,0,0.25,亨泰樓,13,13,7,肺炎,7,24.528,16.351
2020,3,17,0,22,20,25,3,1,0,0,0,71,44,2,18,1,3,2,0,1,0,71,60,7,0,1,1,20,10,2,0.333333333,醫院,15,宗個案,11,新冠,10,21.488,16.124
2020,3,18,1,12,28,23,2,0,0,0,0,66,36,0,22,0,2,6,0,0,0,66,64,7,1,0,0.75,12,11,1,0.043478261,0,15,醫院,13,武漢,6,18.686,13.083
2020,3,19,3,12,34,33,4,1,0,1,0,88,49,1,25,2,2,9,0,0,0,88,75,9,0,0,1,15,24,1,-0.230769231,肺炎,21,檢疫,18,醫院,13,20.583,11.633
2020,3,20,4,20,27,14,7,0,0,0,0,72,43,0,24,2,0,3,0,0,0,72,59,7,0,0,1,10,9,1,0.052631579,醫院,16,返港,10,武漢,9,13.118,9.233
2020,3,21,0,33,39,41,7,3,0,0,0,123,0,3,30,4,4,9,1,1,71,123,97,8,0,0,1,15,19,0,-0.117647059,醫院,21,一人,14,肺炎,11,14.858,9.835
2020,3,22,0,27,37,30,5,1,0,0,0,100,0,0,31,4,4,6,0,0,55,100,75,7,0,1,1,5,17,0,-0.545454545,醫院,23,20,18,肺炎,15,13.494,9.007
2020,3,23,1,9,25,10,3,5,0,0,0,53,0,0,20,3,1,5,0,0,24,53,49,7,1,0,0.75,6,10,0,-0.25,醫院,12,肺炎,10,21,8,12.797,8.209
2020,3,24,4,15,33,33,3,3,0,0,0,91,0,0,28,0,3,5,0,1,54,91,73,7,1,0,0.75,5,26,1,-0.677419355,肺炎,16,新冠,16,醫院,14,11.652,9.958
2020,3,25,2,13,26,22,7,1,0,0,0,71,0,0,22,2,1,4,0,2,40,71,62,6,2,0,0.5,9,12,1,-0.142857143,澳門,14,患者,12,新冠,9,14.783,10.704
2020,3,26,8,21,22,31,10,5,0,0,0,97,0,2,22,1,2,0,0,1,69,97,78,7,1,1,0.75,13,26,1,-0.333333333,新冠,23,醫院,17,澳門,14,5.297,3.168
2020,3,27,5,28,20,25,5,5,0,0,0,88,0,2,15,3,5,5,0,0,58,88,63,8,0,1,1,15,27,0,-0.285714286,新冠,22,肺炎,16,醫院,12,4.458,4.105
2020,3,28,4,18,35,23,4,3,0,0,0,87,0,0,31,1,2,4,1,0,48,87,63,10,0,0,1,13,16,2,-0.103448276,醫院,25,酒吧,20,累計,9,4.033,2.795
2020,3,29,3,8,10,19,3,1,0,0,0,44,0,0,8,2,2,2,0,0,30,44,57,7,2,0,0.555555556,7,11,0,-0.222222222,新冠,8,群組,4,醫院,4,4.662,1.441
2020,3,30,0,10,16,32,4,0,0,0,2,64,0,0,10,1,2,6,3,0,42,64,73,7,1,0,0.75,15,14,0,0.034482759,新冠,9,肺炎,8,病人,6,3.584,0.915
2020,3,31,1,8,23,23,3,0,0,0,0,58,0,1,20,1,2,3,1,0,30,58,62,5,2,0,0.428571429,3,14,2,-0.647058824,醫院,10,累計,9,新冠,7,2.933,1.017
2020,4,1,2,4,26,23,5,0,1,0,0,61,0,1,20,2,1,6,0,0,31,61,62,5,3,1,0.25,5,14,0,-0.473684211,醫院,12,新冠,10,送院,6,2.495,1.351
2020,4,2,2,15,12,33,2,0,0,0,0,64,0,3,9,2,0,3,1,1,45,64,74,8,0,0,1,6,18,0,-0.5,新冠,14,男嬰,11,肺炎,5,0,0
2020,4,3,1,8,7,16,2,2,0,0,0,36,0,1,7,2,0,0,0,0,26,36,49,8,1,0,0.777777778,5,11,0,-0.375,肺炎,5,酒吧,4,關閉,4,69.812,52.016
2020,4,4,0,12,14,15,1,2,0,0,0,44,0,0,13,2,1,1,0,0,27,44,38,6,2,0,0.5,8,8,3,0,酒吧,16,醫院,12,肺炎,6,16.844,17.093
2020,4,5,0,4,22,13,2,0,0,1,0,42,0,0,20,1,1,2,0,0,18,42,35,6,2,0,0.5,9,7,0,0.125,冠狀,15,時間,9,新冠,7,1.302,0.928
2020,4,6,0,6,17,14,1,0,0,0,0,38,0,0,14,1,1,3,0,0,19,38,40,4,3,0,0.142857143,5,10,0,-0.333333333,冠狀,11,病毒,7,肺炎,7,1.577,0.763
2020,4,7,2,23,11,31,2,1,0,0,0,70,0,0,7,2,3,4,1,0,53,70,52,9,0,0,1,8,35,2,-0.627906977,醫生,16,肺炎,12,留學生,10,2.672,1.549
2020,4,8,0,17,24,27,2,1,0,0,0,71,0,3,20,2,1,4,1,0,40,71,52,4,4,0,0,11,17,0,-0.214285714,醫院,16,新冠,11,肺炎,10,2.117,1.868
2020,4,9,0,4,10,16,2,1,0,0,0,33,0,0,8,1,2,2,0,0,20,33,41,8,0,0,1,7,7,0,0,累計,7,新增,5,新冠,4,1.114,2.856
2020,4,10,0,3,5,10,3,0,0,0,0,21,0,1,1,1,0,4,0,0,14,21,30,6,1,0,0.714285714,7,3,0,0.4,新冠,3,警署,3,累計,3,2.311,2.401
2020,4,11,0,9,7,11,5,1,0,1,0,34,0,0,5,1,1,2,0,0,25,34,45,6,2,1,0.5,6,10,0,-0.25,累計,5,police,4,警員,4,2.694,1.344
2020,4,12,1,3,13,15,6,1,0,0,0,39,0,0,12,1,1,1,0,0,24,39,34,8,0,0,1,6,12,0,-0.333333333,本港,11,當中,9,新增,8,1.74,1.973
2020,4,13,0,9,7,9,4,0,0,0,0,29,0,1,3,0,1,4,0,0,20,29,37,5,2,0,0.428571429,3,7,3,-0.4,死亡,4,170,4,檢疫,3,1.985,4.947
2020,4,14,0,3,6,17,2,1,0,0,0,29,0,2,6,0,0,0,0,0,21,29,39,4,4,0,0,5,11,0,-0.375,竹君,5,肺炎,5,檢疫,4,1.082,0.473
2020,4,15,0,9,6,19,1,1,1,0,0,37,0,0,6,1,0,0,1,0,29,37,39,8,1,0,0.777777778,8,14,0,-0.272727273,新冠,9,疫情,7,為何,5,1.146,0.579
2020,4,16,0,4,13,11,1,0,0,0,0,29,0,0,12,2,1,1,0,0,13,29,33,7,0,0,1,2,6,0,-0.5,開考,6,航班,6,返港,5,1.244,0.734
2020,4,17,0,1,2,9,0,2,0,0,0,14,0,0,2,0,0,0,0,0,12,14,20,5,1,1,0.666666667,5,1,2,0.666666667,累計,4,狗日,2,武漢,2,1.056,0.477
2020,4,18,2,4,4,13,0,1,0,0,0,24,0,0,4,0,0,0,0,0,20,24,30,6,1,0,0.714285714,12,3,0,0.6,英國,4,新冠,4,防疫,3,1.476,0.871
2020,4,19,0,10,5,4,3,0,0,0,0,22,0,0,5,2,0,0,0,0,15,22,19,5,2,0,0.428571429,4,2,0,0.333333333,病例,9,美國,8,累計,6,0.98,0.706
2020,4,20,0,1,7,7,1,0,0,0,0,16,0,0,4,0,1,3,0,0,8,16,20,6,2,0,0.5,0,6,0,-1,累計,6,病例,4,疫情,3,1.131,0.547
2020,4,21,6,11,5,28,2,5,2,1,0,60,0,1,5,1,2,0,0,0,51,60,53,7,2,1,0.555555556,25,4,0,0.724137931,新冠,16,肺炎,10,沒有,9,1.272,0.64
2020,4,22,0,3,1,8,1,0,0,0,0,13,0,0,1,1,0,0,0,0,11,13,16,7,1,0,0.75,3,3,0,0,新冠,4,返港,3,回港,3,0.882,0.399
2020,4,23,0,2,5,10,2,0,0,0,0,19,0,0,3,1,1,2,0,0,12,19,27,5,2,0,0.428571429,5,2,2,0.428571429,新冠,4,檢疫,2,出院,2,1.09,0.608
2020,4,24,2,12,13,9,1,0,0,0,0,37,0,0,13,0,0,0,0,0,24,37,31,8,0,0,1,6,6,0,0,疫情,9,牙醫,9,有線,9,0.696,0.537
2020,4,25,0,3,5,12,0,0,0,0,0,20,0,0,4,0,1,1,0,0,14,20,23,4,2,0,0.333333333,8,1,0,0.777777778,肺炎,6,累計,4,新冠,4,1.316,0.709
2020,4,26,0,2,2,7,0,0,0,0,0,11,0,1,2,1,0,0,0,0,7,11,15,6,0,0,1,2,2,0,0,疫情,3,竹君,2,新冠,2,0.932,0.559
2020,4,27,0,5,1,5,1,0,0,0,0,12,0,0,0,0,1,1,0,0,10,12,18,7,0,1,1,5,0,0,1,當中,3,軍艦,3,新冠,2,0.955,0.64
2020,4,28,0,9,1,15,2,2,0,0,0,29,0,0,1,2,0,0,0,0,26,29,28,7,1,0,0.75,11,1,0,0.833333333,澳門,9,台灣,9,肺炎,6,0.984,0.918
2020,4,29,1,7,11,5,0,1,1,1,0,27,0,0,10,0,0,1,0,0,16,27,29,8,2,0,0.6,6,1,0,0.714285714,疫情,7,澳門,5,台灣,5,0.944,0.438
2020,4,30,0,8,2,10,4,0,0,0,0,24,0,1,1,0,1,1,0,0,20,24,27,6,1,0,0.714285714,3,4,0,-0.142857143,疫情,6,新冠,4,本港,3,1.386,0.681
2020,5,1,0,5,2,4,0,0,0,0,0,11,0,0,0,0,0,2,0,0,9,11,11,5,0,1,1,4,1,0,0.6,新冠,5,寵物,3,本港,2,1.788,0.76
2020,5,2,0,1,3,9,14,0,0,0,0,27,0,0,3,1,0,0,0,0,23,27,14,7,0,0,1,6,6,0,0,新冠,17,肺炎,16,竹君,5,0,0
2020,5,3,0,1,1,7,0,0,0,0,0,9,0,0,1,0,1,0,0,0,7,9,14,6,0,0,1,3,2,0,0.2,本港,3,疫情,2,出現,2,58.784,52.22
2020,5,4,0,1,2,2,0,0,1,0,0,6,0,0,1,1,0,1,0,0,3,6,10,3,2,1,0.2,1,0,0,1,病例,2,沒有,2,15,1,16.695,18.485
2020,5,5,0,1,7,11,1,0,0,0,0,20,0,0,6,0,1,1,0,0,12,20,21,4,2,1,0.333333333,3,4,0,-0.142857143,疫情,6,新增,5,口罩,4,1.649,0.878
2020,5,6,1,2,4,4,1,1,0,0,0,13,0,0,3,0,1,1,0,0,8,13,20,7,1,0,0.75,2,2,0,0,累計,3,新增,2,疫情,2,1.106,0.5
2020,5,7,1,2,6,13,0,0,0,0,0,22,0,0,4,0,0,2,0,0,16,22,23,6,1,0,0.714285714,3,2,0,0.2,累計,4,新增,4,繼續,4,2.873,1.761
2020,5,8,0,3,10,10,1,0,0,0,0,24,0,0,9,0,1,1,0,0,13,24,31,8,0,0,1,6,3,0,0.333333333,李振豪,5,新冠,3,CU,2,2.562,2.061
2020,5,9,0,0,1,6,1,0,0,0,0,8,0,0,1,0,0,0,0,0,7,8,14,5,0,1,1,3,0,0,1,母親節,2,繼續,2,李振豪,1,1.101,3.269
2020,5,10,0,1,2,2,0,0,0,0,0,5,0,0,0,0,0,2,0,1,2,5,9,3,1,1,0.5,2,0,0,1,新冠,2,累計,1,例確診,1,2.726,2.757
2020,5,11,0,3,3,4,1,0,0,0,0,11,0,0,0,0,0,3,1,0,7,11,11,7,0,0,1,1,1,0,0,病例,3,新冠,3,疫情,3,1.918,1.414
2020,5,12,0,3,7,6,2,0,0,0,0,18,0,1,3,0,2,4,0,0,8,18,28,3,1,2,0.5,1,0,0,1,本地,3,英國,3,沒有,3,1.957,1.516
2020,5,13,1,7,4,17,1,2,0,0,0,32,0,2,3,1,1,1,1,0,23,32,33,8,1,0,0.777777778,7,11,0,-0.222222222,肺炎,12,新冠,7,連續,5,1.715,4.818
2020,5,14,1,8,11,38,3,4,0,0,0,65,0,0,10,0,1,1,1,0,52,65,57,7,1,0,0.75,9,26,0,-0.485714286,新冠,24,肺炎,14,孫女,6,2.03,0.826
2020,5,15,0,2,5,8,5,0,0,0,1,21,0,0,2,0,1,3,0,0,15,21,29,5,2,1,0.428571429,3,6,2,-0.333333333,新冠,5,肺炎,3,累計,3,1.67,0.644
2020,5,16,0,2,4,12,2,0,0,0,0,20,0,0,2,0,0,2,0,0,16,20,32,6,0,0,1,3,4,0,-0.142857143,累計,3,本港,2,病例,2,2.115,0.728
2020,5,17,0,0,8,7,0,0,0,0,0,15,0,0,2,0,0,6,0,0,7,15,22,3,3,0,0,5,1,0,0.666666667,累計,3,病例,2,時間,2,2.26,0.83
2020,5,18,1,0,4,8,1,0,0,0,0,14,0,0,2,0,0,2,0,0,10,14,21,6,1,0,0.714285714,0,9,0,-1,返港,3,累計,3,回港,2,2.413,0.56
2020,5,19,0,2,2,3,0,0,0,0,0,7,0,0,1,0,0,1,0,0,5,7,11,6,1,0,0.714285714,1,3,0,-0.5,新冠,2,認檢疫,2,返港,2,2.222,0.749
2020,5,20,0,0,11,5,0,0,0,0,0,16,0,0,10,0,0,1,0,0,5,16,14,3,2,1,0.2,1,1,1,0,沒有,10,延長,4,爆發,4,1.494,0.682
2020,5,21,0,0,1,6,0,0,0,0,0,7,0,0,1,0,0,0,0,0,6,7,13,6,0,0,1,1,3,0,-0.5,特朗普,2,美國,1,澳門,1,2.064,0.594
2020,5,22,0,1,4,9,0,0,0,0,0,14,0,1,2,0,0,2,0,0,9,14,21,6,1,0,0.714285714,1,5,0,-0.666666667,巴基斯坦,3,南韓,2,輸入,2,1.884,0.549
2020,5,23,0,1,1,3,1,0,0,0,0,6,0,0,0,0,0,1,1,0,4,6,11,5,1,0,0.666666667,1,3,0,-0.5,美國,2,入性,1,病例,1,2.496,0.799
2020,5,24,0,0,1,4,0,0,0,0,0,5,0,0,0,0,0,1,0,0,4,5,8,5,0,0,1,2,0,0,1,病例,2,內地,2,累計,1,2.857,0.526
2020,5,25,0,0,2,0,0,0,0,0,0,2,0,0,0,0,0,2,0,0,0,2,4,1,1,0,0,0,0,0,0,傳播,1,患者,1,累計,1,4.147,0.563
2020,5,26,0,0,3,5,0,0,0,0,0,8,0,0,1,0,0,2,0,0,5,8,11,6,0,0,1,2,2,0,0,新冠,4,累計,3,連續,1,2.57,0.634
2020,5,27,0,0,3,4,1,0,0,0,0,8,0,0,1,0,0,2,0,0,5,8,14,5,1,0,0.666666667,2,2,0,0,人數,2,全球,2,OK,1,1.605,0.579
2020,5,28,0,2,2,5,0,0,0,0,0,9,0,0,1,0,0,1,0,0,7,9,15,5,1,1,0.666666667,1,2,0,-0.333333333,新冠,3,累計,2,衛生署,1,1.38,0.787
2020,5,29,0,0,2,1,0,0,0,0,0,3,0,0,0,0,0,2,0,0,1,3,6,3,0,0,1,0,0,0,0,病例,1,時間,1,新冠,1,1.572,0.535
2020,5,30,0,1,2,2,0,0,0,0,0,5,0,0,0,0,0,2,1,0,2,5,10,2,2,1,0,1,0,1,1,冠狀,1,一覽,1,24,1,1.848,0.633
2020,5,31,0,0,5,3,0,0,0,0,0,8,0,0,1,0,0,4,0,0,3,8,14,3,2,1,0.2,0,2,0,-1,新增,2,累計,2,進行,1,1.851,0.702
2020,6,1,2,4,5,8,3,0,0,1,0,23,0,1,1,0,1,4,0,0,16,23,29,7,0,1,1,7,7,0,0,醫護,5,新冠,4,肺炎,4,2.581,0.444
2020,6,2,0,2,2,27,2,0,1,0,0,34,0,0,1,1,0,1,0,0,31,34,27,7,1,0,0.75,13,15,0,-0.071428571,新冠,14,肺炎,13,瀝源,7,0,0
2020,6,3,0,0,20,9,0,0,0,0,0,29,0,0,18,0,0,2,0,0,9,29,16,2,4,0,-0.333333333,5,3,0,0.25,瀝源,20,祿泉樓,15,新冠,4,82.017,63.124
2020,6,4,0,2,3,3,1,0,0,0,0,9,0,0,0,0,2,3,0,0,4,9,13,5,1,1,0.666666667,0,1,0,-1,新冠,3,累計,2,hk,2,18.911,19.853
2020,6,5,0,2,2,4,1,0,0,0,0,9,0,1,0,0,0,2,1,0,5,9,13,4,3,1,0.142857143,1,3,0,-0.5,祿泉樓,4,號單位,2,單位,2,1.465,0.794
2020,6,6,0,1,5,3,0,0,0,0,0,9,0,0,3,0,0,2,1,0,3,9,12,4,1,1,0.6,0,1,0,-1,累計,5,死亡,3,有個,1,1.41,0.707
2020,6,7,0,0,5,3,0,0,0,0,0,8,0,0,1,0,0,4,0,0,3,8,10,5,1,0,0.666666667,0,0,0,0,累計,4,快必,2,維園,2,2.357,1.527
2020,6,8,0,0,5,5,0,0,0,0,0,10,0,0,3,0,0,2,0,0,5,10,14,4,2,0,0.333333333,1,2,0,-0.333333333,累計,5,新增,3,地區,1,3.608,2.853
2020,6,9,1,2,3,1,2,0,0,0,0,9,0,0,2,0,0,1,0,0,6,9,13,7,1,0,0.75,2,1,0,0.333333333,累計,3,清潔,2,新冠,2,0.83,4.2
2020,6,10,1,0,2,3,0,0,0,0,0,6,0,0,0,0,0,2,0,0,4,6,10,6,0,0,1,2,1,0,0.333333333,累計,2,例確診,2,人數,1,4.176,2.158
2020,6,11,0,4,3,1,0,0,0,0,0,8,0,0,2,2,2,1,0,0,1,8,9,2,4,0,-0.333333333,1,0,0,1,團隊,4,新冠,3,湖北,2,1.711,1.867
2020,6,12,1,1,1,5,0,0,0,0,0,8,0,0,0,0,0,1,0,1,6,8,14,6,1,0,0.714285714,3,3,0,0,祿泉樓,2,萬人,2,urbanlifehk,1,1.809,1.668
2020,6,13,0,0,2,6,1,0,0,0,0,9,0,0,1,0,0,1,0,0,7,9,11,6,1,0,0.714285714,2,3,1,-0.2,祿泉樓,3,累計,3,新增,2,2.652,3.73
2020,6,14,1,1,5,2,2,0,0,0,0,11,0,0,0,0,0,5,1,0,5,11,18,6,1,0,0.714285714,1,1,0,0,祿泉樓,3,累計,2,cases,2,1.995,0.934
2020,6,15,1,0,2,3,0,0,0,0,0,6,0,0,0,0,0,2,0,0,4,6,10,6,0,0,1,2,0,0,1,疫情,2,累計,2,新冠,1,1.874,1.066
2020,6,16,1,1,0,2,1,0,0,0,0,5,0,0,0,1,0,0,0,0,4,5,10,4,0,1,1,0,1,0,-1,泰國,1,連續,1,肺炎,1,3.75,2.671
2020,6,17,0,3,5,7,1,0,0,0,0,16,0,0,1,0,0,4,0,1,10,16,22,4,3,0,0.142857143,3,2,0,0.2,累計,4,例確診,3,再增,2,3.589,2.769
2020,6,18,0,1,8,1,0,0,0,0,0,10,0,0,6,1,0,2,0,0,1,10,13,2,4,0,-0.333333333,0,0,0,0,累計,6,新增,3,李記,1,3.48,2.55
2020,6,19,2,0,5,3,0,0,0,0,0,10,0,0,3,0,0,2,0,0,5,10,17,5,0,1,1,2,1,0,0.333333333,累計,3,18,2,冠狀,1,3.264,2.819
2020,6,20,1,1,4,2,1,0,0,0,0,9,0,0,3,0,0,1,0,0,5,9,10,6,0,2,1,2,1,0,0.333333333,新冠,4,32,3,累計,3,3.447,2.881
2020,6,21,0,1,3,4,0,1,0,0,0,9,0,0,0,0,0,3,0,0,6,9,14,7,0,0,1,0,4,1,-1,累計,2,21,2,衛生,2,2,1.046
2020,6,22,1,4,4,6,2,2,0,0,0,19,0,1,0,1,0,4,0,0,13,19,23,8,1,0,0.777777778,8,1,1,0.777777778,新冠,5,疫情,4,百事,3,2.295,1.371
2020,6,23,0,5,4,12,2,0,0,0,0,23,0,1,3,0,1,1,0,0,17,23,29,6,1,0,0.714285714,6,4,3,0.2,16,5,30,4,肺炎,3,3.242,2.744
2020,6,24,0,4,4,11,0,0,0,0,0,19,0,1,3,1,1,1,0,1,11,19,25,5,2,0,0.428571429,0,6,0,-1,新冠,8,累計,3,人數,3,3.692,2.722
2020,6,25,1,1,5,4,0,0,0,0,0,11,0,0,4,0,0,1,0,1,5,11,14,4,2,1,0.333333333,1,2,0,-0.333333333,累計,4,新增,3,北京,2,3.278,2.838
2020,6,26,0,1,4,8,0,0,0,0,0,13,0,0,2,1,0,2,0,0,8,13,19,5,2,0,0.428571429,5,3,0,0.25,肺炎,3,新冠,3,醫院,2,1.518,1.297
2020,6,27,1,3,5,5,0,0,0,0,0,14,0,1,2,0,0,3,0,0,8,14,19,6,1,0,0.714285714,7,1,0,0.75,累計,5,新冠,3,增至,2,3.384,2.879
2020,6,28,0,0,3,3,0,0,0,0,0,6,0,0,1,0,0,2,0,0,3,6,11,1,3,2,-0.5,0,0,0,0,累計,2,27,1,香港,1,1.744,1.24
2020,6,29,0,0,3,3,0,0,0,0,0,6,0,0,2,0,0,1,0,0,3,6,9,4,2,0,0.333333333,2,1,0,0.333333333,累計,3,新增,2,新冠,1,1.773,1.39
2020,6,30,0,0,2,5,2,0,0,0,0,9,0,0,1,0,0,1,0,0,7,9,15,5,1,1,0.666666667,2,3,0,-0.2,新冠,3,人數,2,29,1,2.891,2.677
2020,7,1,0,1,3,3,0,0,0,0,0,7,0,0,1,0,0,2,0,0,4,7,14,6,1,0,0.714285714,2,1,0,0.333333333,30,1,香港,1,累計,1,3.69,3.096
2020,7,2,0,2,2,1,0,0,0,0,0,5,0,0,0,0,0,2,0,0,3,5,10,5,0,0,1,1,1,0,0,新增,1,人美國,1,人數,1,0,0
2020,7,3,0,2,1,2,0,0,0,0,0,5,0,1,0,0,0,1,0,0,3,5,9,5,0,0,1,2,0,0,1,檢疫,2,28,1,例新冠,1,95.982,57.988
2020,7,4,0,2,3,4,0,0,0,0,0,9,0,0,1,0,0,2,1,0,5,9,17,5,2,0,0.428571429,2,1,1,0.333333333,累計,2,病例,1,宗確診,1,19.758,19.263
2020,7,5,0,1,11,10,0,0,0,0,0,22,0,0,5,0,0,6,0,0,11,22,26,6,1,0,0.714285714,6,2,0,0.5,新冠,5,檢疫,4,累計,4,0.992,0.778
2020,7,6,1,27,6,28,1,3,0,0,0,66,0,3,3,1,6,3,1,0,49,66,49,8,2,0,0.6,30,11,0,0.463414634,新冠,28,肺炎,22,醫院,9,1.231,0.545
2020,7,7,0,7,20,18,7,0,0,0,0,52,0,0,13,0,4,7,0,0,28,52,42,4,2,0,0.333333333,11,10,1,0.047619048,坪石,18,新冠,10,本地,9,3.775,1.518
2020,7,8,3,14,20,61,14,5,0,1,0,118,0,1,13,0,0,7,2,0,95,118,88,9,0,0,1,39,40,1,-0.012658228,肺炎,23,學校,20,新冠,15,3.839,3.497
2020,7,9,0,6,9,34,7,2,0,0,0,58,0,0,6,0,2,3,0,0,47,58,67,7,0,0,1,24,16,2,0.2,新冠,13,疫情,7,肺炎,7,1.209,2.671
2020,7,10,2,7,16,26,4,1,0,0,0,56,0,1,13,0,1,3,1,1,36,56,49,7,2,0,0.555555556,17,14,1,0.096774194,肺炎,14,新冠,13,0,7,2.631,1.766
2020,7,11,0,15,10,47,7,1,1,0,0,81,0,0,6,0,2,4,1,0,68,81,78,7,0,1,1,42,13,1,0.527272727,新冠,21,水泉,9,肺炎,7,1.321,2.013
2020,7,12,2,10,10,42,3,0,0,0,0,67,0,0,4,3,1,6,0,0,53,67,67,7,0,1,1,9,28,3,-0.513513514,新冠,14,竹君,10,疫情,7,1.77,1.422
2020,7,13,0,13,19,35,5,0,1,1,0,74,0,1,17,4,0,2,0,0,50,74,72,8,1,0,0.777777778,11,32,0,-0.488372093,中心,12,竹君,12,肺炎,10,2.798,2.643
2020,7,14,2,7,16,31,5,2,0,0,0,63,0,0,12,0,3,4,1,1,42,63,64,7,1,1,0.75,11,22,0,-0.333333333,捐血,14,疫情,9,肺炎,8,2.105,3.711
2020,7,15,0,12,18,30,1,1,0,0,0,62,0,0,13,0,3,5,0,0,41,62,66,8,0,0,1,11,17,1,-0.214285714,新冠,8,40,7,48,6,1.748,5.057
2020,7,16,0,19,3,31,1,0,0,0,0,54,0,1,1,1,2,2,0,0,47,54,57,6,0,1,1,17,19,1,-0.055555556,該名,9,警署,7,肺炎,6,2.107,4.917
2020,7,17,2,13,17,37,9,1,0,0,0,79,0,1,14,1,2,3,0,0,58,79,65,8,1,0,0.777777778,10,22,0,-0.375,病人,12,醫院,11,疫情,9,1.453,4.374
2020,7,18,0,2,16,37,2,0,0,0,0,57,0,0,13,1,0,3,0,0,40,57,54,8,0,0,1,13,19,3,-0.1875,新冠,20,肺炎,11,16,9,1.931,1.883
2020,7,19,3,13,36,44,3,2,0,0,0,101,0,3,31,2,4,5,0,0,56,101,83,8,1,0,0.777777778,22,21,3,0.023255814,新冠,23,施匡翹,20,肺炎,16,1.367,2.206
2020,7,20,4,38,13,35,11,9,0,1,0,111,0,1,9,3,3,4,0,0,91,111,104,8,1,0,0.777777778,25,40,0,-0.230769231,疫情,24,竹君,15,新冠,13,1.517,2.55
2020,7,21,2,30,17,49,10,8,0,0,1,117,0,1,14,2,4,3,0,1,92,117,114,9,1,0,0.8,20,50,1,-0.428571429,疫情,23,新冠,18,出現,12,1.299,2.047
2020,7,22,1,33,9,47,9,5,0,2,0,106,0,0,7,0,1,2,0,1,95,106,87,8,2,0,0.6,32,31,4,0.015873016,新冠,14,肺炎,11,烏市,11,1.254,3.168
2020,7,23,6,22,24,35,6,5,0,0,0,98,0,3,24,0,1,0,0,0,70,98,74,8,1,0,0.777777778,26,28,2,-0.037037037,新冠,27,肺炎,21,女警,10,1.57,3.41
2020,7,24,1,16,26,42,4,1,0,0,0,90,0,1,23,0,0,3,0,3,60,90,73,7,1,1,0.75,25,19,2,0.136363636,新冠,37,肺炎,26,女警,6,0.873,3.485
2020,7,25,2,17,21,45,6,7,0,0,1,99,0,1,17,2,1,4,1,0,73,99,97,8,2,0,0.6,11,40,1,-0.568627451,新冠,20,檢疫,11,船員,9,1.479,3.927
2020,7,26,1,11,29,32,4,4,0,0,0,81,0,0,25,1,3,4,0,0,48,81,73,7,1,0,0.75,15,26,0,-0.268292683,新冠,15,肺炎,11,政局,11,0.992,3.883
2020,7,27,0,14,27,34,5,5,0,0,0,85,0,1,21,0,1,6,0,1,55,85,84,7,0,0,1,13,21,1,-0.235294118,新冠,21,肺炎,11,檢測,6,1.154,3.198
2020,7,28,0,33,25,45,10,6,0,0,0,119,0,0,23,1,4,2,0,0,89,119,86,5,3,0,0.25,13,39,2,-0.5,2099,28,期間,27,新冠,20,0.902,1.446
2020,7,29,2,11,16,43,6,3,1,0,0,82,0,3,16,1,0,0,0,0,62,82,80,8,1,0,0.777777778,12,21,2,-0.272727273,新冠,19,肺炎,14,隔離,6,1.282,2.989
2020,7,30,1,16,7,28,7,6,0,0,0,65,0,0,5,2,2,2,0,0,54,65,68,8,0,1,1,13,18,2,-0.161290323,醫院,12,疫情,10,新冠,8,0.734,4.113
2020,7,31,1,8,7,29,3,6,0,0,0,54,0,0,7,0,2,0,0,0,45,54,52,7,1,0,0.75,9,21,1,-0.4,新冠,10,30,8,疫情,8,0.663,3.36
2020,8,1,2,13,4,27,2,7,0,0,0,55,0,1,3,1,2,1,0,0,47,55,59,9,0,0,1,10,18,0,-0.285714286,新冠,7,疫情,6,肺炎,6,1.099,4.784
2020,8,2,6,51,15,30,13,7,0,1,0,123,0,0,15,4,0,0,0,0,104,123,67,8,2,0,0.6,8,64,0,-0.777777778,巧合,56,時間,50,新冠,15,0,0
2020,8,3,2,38,16,18,3,3,1,0,0,81,0,0,11,1,2,5,0,0,62,81,60,8,2,0,0.6,8,25,0,-0.515151515,巧合,25,時間,24,新冠,12,23.399,29.089
2020,8,4,2,32,10,37,6,8,0,0,0,95,0,0,6,0,2,4,0,0,83,95,64,8,0,0,1,30,25,3,0.090909091,初選,27,劉珈,24,新冠,11,23.908,18.316
2020,8,5,2,12,6,23,3,3,0,0,0,49,0,0,5,0,1,1,0,0,42,49,58,9,0,0,1,11,17,1,-0.214285714,新冠,7,疫情,6,肺炎,6,1.576,0.855
2020,8,6,0,10,13,29,4,5,0,0,0,61,0,0,12,1,2,1,0,0,45,61,63,8,0,0,1,16,14,0,0.066666667,新冠,16,街市,11,肺炎,8,2.652,0.899
2020,8,7,0,6,19,30,4,3,0,0,0,62,0,2,17,0,2,2,0,0,39,62,58,7,1,0,0.75,13,10,0,0.130434783,新冠,12,印傭,9,檢測,9,3.465,1.485
2020,8,8,1,9,11,24,5,3,0,0,0,53,0,2,11,0,2,0,0,0,38,53,52,8,1,0,0.777777778,9,12,0,-0.142857143,檢測,14,0,6,肺炎,6,3.974,3.714
2020,8,9,0,0,8,13,3,2,0,0,0,26,0,0,7,0,0,1,0,0,18,26,34,6,1,0,0.714285714,7,5,0,0.166666667,檢測,8,新冠,7,69,3,1.147,2.873
2020,8,10,2,6,5,24,3,2,0,0,0,42,0,0,1,0,1,4,1,0,35,42,48,7,0,1,1,17,9,1,0.307692308,有線,6,肺炎,6,新冠,6,3.903,2.386
2020,8,11,0,3,5,16,0,6,0,0,0,30,0,0,3,1,0,2,0,0,24,30,34,5,1,0,0.666666667,2,10,0,-0.666666667,新冠,8,肺炎,5,累計,4,1.69,2.22
2020,8,12,1,5,4,30,3,5,0,0,0,48,0,0,3,0,3,1,0,0,41,48,56,7,2,0,0.555555556,15,15,1,0,新冠,12,33,6,醫院,4,2.265,1.418
2020,8,13,0,8,8,11,1,3,0,0,0,31,0,0,6,1,0,2,0,0,22,31,42,7,1,0,0.75,4,5,0,-0.111111111,新冠,6,醫院,5,擴散,4,1.704,3.865
2020,8,14,0,4,12,23,3,5,0,0,0,47,0,0,11,0,2,1,0,0,33,47,51,8,0,0,1,10,14,0,-0.166666667,13,7,肺炎,5,機場,5,1.224,2.659
2020,8,15,0,4,7,19,1,2,0,0,0,33,0,0,4,0,0,3,0,0,26,33,36,7,0,1,1,12,7,0,0.263157895,新冠,6,單位,6,48,5,1.454,2.848
2020,8,16,0,1,12,19,1,5,0,0,0,38,0,0,8,0,0,4,0,0,26,38,48,8,0,0,1,5,11,1,-0.375,新冠,7,檢測,6,禁堂,3,1.588,2.926
2020,8,17,1,4,16,26,1,11,0,0,0,59,0,0,9,0,0,7,1,0,42,59,59,8,0,1,1,10,13,3,-0.130434783,碼頭,9,16,7,肺炎,6,1.635,2.56
2020,8,18,1,7,3,22,3,5,0,0,0,41,0,0,1,1,0,2,0,0,37,41,46,7,0,1,1,9,15,3,-0.25,肺炎,5,碼頭,5,新冠,5,1.555,1.554
2020,8,19,1,0,6,19,3,1,0,0,0,30,0,0,2,0,0,4,0,0,24,30,42,7,1,0,0.75,6,8,0,-0.142857143,36,5,碼頭,4,肺炎,3,1.238,2.351
2020,8,20,0,7,6,16,0,5,0,0,0,34,0,1,6,0,2,0,0,0,25,34,41,4,2,1,0.333333333,4,10,1,-0.428571429,新冠,9,印度,7,26,4,0.933,1.914
2020,8,21,0,5,15,14,5,3,0,0,0,42,0,1,14,0,0,1,0,0,26,42,33,5,1,1,0.666666667,11,2,0,0.692307692,20,13,18,10,檢測,7,1.49,2.315
2020,8,22,1,6,14,18,3,6,0,0,0,48,0,0,12,0,0,2,0,0,34,48,49,8,0,0,1,12,10,0,0.090909091,檢測,12,台灣,7,病毒,5,1.574,2.861
2020,8,23,1,4,14,19,1,1,0,0,0,40,0,0,11,1,0,3,0,0,25,40,42,9,0,0,1,9,9,0,0,0,7,疫情,6,檢測,6,1.216,2.71
2020,8,24,0,0,8,19,2,3,0,0,0,32,0,0,7,0,0,1,0,0,24,32,38,6,1,0,0.714285714,10,6,1,0.25,新冠,6,檢測,5,肺炎,4,1.686,2.522
2020,8,25,0,5,2,22,3,6,0,0,0,38,0,0,1,1,0,1,0,0,35,38,48,7,0,0,1,12,3,3,0.6,肺炎,6,新冠,4,疫情,4,1.343,1.692
2020,8,26,0,1,16,16,2,1,0,0,0,36,0,0,15,1,0,1,0,0,19,36,39,6,3,0,0.333333333,5,6,1,-0.090909091,新冠,11,疫情,7,醫院,5,1.167,2.427
2020,8,27,0,3,1,12,2,2,0,0,0,20,0,0,1,0,1,0,0,0,18,20,27,6,1,0,0.714285714,4,5,1,-0.111111111,檢測,5,新冠,3,24,3,1.405,2.101
2020,8,28,0,4,6,10,1,2,0,0,0,23,0,0,5,0,1,1,0,0,16,23,28,6,2,0,0.5,8,4,1,0.333333333,檢測,7,21,5,肺炎,5,1.376,2.273
2020,8,29,0,2,7,9,1,2,0,0,0,21,0,0,6,0,0,1,0,0,14,21,30,8,0,0,1,6,3,2,0.333333333,檢測,5,肺炎,4,13,3,1.868,2.493
2020,8,30,0,0,6,12,1,1,0,0,0,20,0,0,4,0,0,2,0,0,14,20,28,7,0,0,1,8,4,0,0.333333333,新冠,4,檢測,4,餐廳,2,1.762,2.837
2020,8,31,0,2,4,14,4,2,0,0,0,26,0,0,2,0,0,2,0,0,22,26,39,6,1,0,0.714285714,9,4,2,0.384615385,肺炎,4,15,3,台灣,2,2.443,2.216
2020,9,1,0,5,3,11,2,7,0,0,0,28,0,0,3,0,0,0,0,1,24,28,39,6,1,0,0.714285714,6,5,0,0.090909091,檢測,6,測試,4,隱形,4,2.112,2.522
2020,9,2,3,2,0,8,2,3,0,0,0,18,0,0,0,0,0,0,0,0,18,18,32,7,0,0,1,6,2,0,0.5,疫情,3,牛頭,2,角下,2,0,0
2020,9,3,0,0,1,8,3,0,1,0,0,13,0,0,1,0,0,0,0,0,12,13,20,7,1,0,0.75,2,2,1,0,旺角,3,專家,3,顧問,2,29.015,27.507
2020,9,4,0,0,0,7,1,2,0,1,0,11,0,0,0,0,0,0,0,0,11,11,19,7,0,0,1,3,3,0,0,檢測,3,新增,2,新冠,1,18.967,16.679
2020,9,5,0,0,3,6,1,3,0,0,0,13,0,0,3,0,0,0,0,0,10,13,12,8,0,0,1,2,1,0,0.333333333,檢測,10,計劃,3,新增,2,1.167,0.73
2020,9,6,0,3,1,9,1,1,0,0,0,15,0,0,0,0,0,1,0,0,14,15,16,5,1,1,0.666666667,5,2,0,0.428571429,檢測,6,印度,3,施特拉,3,2.001,0.629
2020,9,7,1,3,1,8,2,3,0,0,0,18,0,0,0,0,1,1,0,0,16,18,21,7,0,1,1,4,4,1,0,檢測,8,新冠,3,大廈,2,2.451,1.417
2020,9,8,0,1,2,5,0,2,0,0,0,10,0,0,0,0,1,2,0,0,7,10,16,6,0,0,1,2,1,0,0.333333333,新冠,2,420,2,資訊,2,3.045,3.165
2020,9,9,0,0,3,10,0,0,0,0,0,13,0,0,2,0,0,1,0,0,10,13,18,6,0,0,1,3,2,1,0.2,檢測,4,新冠,3,大圍,2,1.164,2.501
2020,9,10,0,1,1,2,2,0,0,0,0,6,0,0,1,0,0,0,0,0,5,6,10,6,0,0,1,1,0,1,1,六宗,2,新冠,2,疫情,1,3.625,2.175
2020,9,11,0,0,2,9,2,0,0,0,0,13,0,0,2,0,0,0,0,0,11,13,14,5,1,0,0.666666667,4,3,1,0.142857143,檢測,5,新冠,4,肺炎,3,1.822,1.905
2020,9,12,0,2,2,5,0,1,0,0,0,10,0,0,1,0,0,1,0,0,8,10,18,5,1,0,0.666666667,3,4,0,-0.142857143,劇本,2,已經,2,日增,1,1.571,0.89
2020,9,13,0,2,2,6,2,3,0,0,0,15,0,0,1,0,0,1,0,0,13,15,21,5,0,1,1,1,6,1,-0.714285714,肺炎,3,通菜,2,二期,2,1.694,3.566
2020,9,14,1,5,1,5,2,1,0,0,0,15,0,0,0,0,1,1,0,0,13,15,16,7,1,0,0.75,5,3,0,0.25,劇本,4,已經,4,肺炎,4,5.368,2.082
2020,9,15,0,11,5,5,1,3,0,0,0,25,0,0,4,0,1,1,0,0,19,25,22,6,1,0,0.714285714,7,3,2,0.4,美國,10,萬例,10,疫情,4,3.444,1.468
2020,9,16,0,6,2,9,1,1,0,0,0,19,0,0,2,0,1,0,1,0,15,19,23,8,0,0,1,6,4,0,0.2,疫情,6,檢測,4,15,3,2.973,2.159
2020,9,17,0,1,4,8,1,2,0,0,0,16,0,1,3,0,0,1,0,0,11,16,24,7,1,0,0.75,4,2,0,0.333333333,疫情,5,本港,3,雙位數,2,2.196,2.747
2020,9,18,0,3,12,10,2,0,0,0,0,27,0,0,10,0,3,2,0,0,12,27,31,4,3,0,0.142857143,5,6,0,-0.090909091,員工,8,肺炎,7,本地,7,1.7,1.923
2020,9,19,0,1,0,4,1,0,0,0,0,6,0,0,0,0,0,0,0,0,6,6,11,5,0,1,1,0,1,1,-1,新冠,2,疫情,1,本港,1,1.949,1.909
2020,9,20,1,1,7,9,2,1,0,0,0,21,0,0,4,0,0,3,0,0,14,21,31,7,2,0,0.555555556,4,2,0,0.333333333,新冠,5,疫情,2,數字,2,2.917,2.113
2020,9,21,0,3,4,6,2,1,0,0,0,16,0,0,2,0,1,2,0,0,11,16,22,6,1,0,0.714285714,5,0,0,1,疫情,5,本港,3,20,2,4.05,1.762
2020,9,22,2,1,4,8,1,1,0,0,0,17,0,0,3,0,0,1,0,0,13,17,24,9,0,0,1,1,3,0,-0.5,新冠,3,抵港,3,地區,3,2.492,1.524
2020,9,23,0,0,4,5,0,0,0,0,0,9,0,0,2,0,0,2,0,0,5,9,17,3,2,1,0.2,1,2,0,-0.333333333,新冠,2,鄭月,1,措施,1,1.956,1.709
2020,9,24,0,0,2,7,1,0,0,0,0,10,0,0,1,0,0,1,0,0,8,10,18,5,0,1,1,0,2,1,-1,香港,2,男童,2,uhk,1,2.047,1.804
2020,9,25,0,0,0,4,0,0,0,0,0,4,0,0,0,0,0,0,0,0,4,4,8,4,0,0,1,0,1,1,-1,uhk,1,telegram,1,24,1,1.626,1.975
2020,9,26,0,1,1,7,0,0,0,0,0,9,0,0,1,0,0,0,0,0,8,9,17,6,0,0,1,2,1,1,0.333333333,疫情,2,新冠,1,關連,1,2.156,2.177
2020,9,27,0,0,1,3,0,0,0,0,0,4,0,0,1,0,0,0,0,0,3,4,8,3,1,0,0.5,1,1,0,0,資訊,1,新冠,1,相關,1,2.363,2.121
2020,9,28,0,1,0,4,0,0,0,0,0,5,0,0,0,0,0,0,0,0,5,5,10,3,1,1,0.5,0,0,0,0,鳳凰快,1,宗新冠,1,肺炎,1,2.637,1.683
2020,9,29,2,0,1,6,1,0,0,0,0,10,0,0,0,0,0,1,0,0,9,10,17,6,0,0,1,1,2,0,-0.333333333,gov,2,hk,2,新冠,2,2.064,1.595
2020,9,30,0,0,1,5,0,0,0,0,0,6,0,0,1,0,0,0,0,0,5,6,11,6,0,0,1,1,3,0,-0.5,院舍,2,uhk,1,telegram,1,2.495,1.95
2020,10,1,0,0,2,5,0,0,0,0,0,7,0,0,1,0,0,1,0,0,5,7,13,5,0,1,1,2,1,0,0.333333333,護老院,2,豬紅,1,腸粉,1,3.203,1.924
2020,10,2,0,0,2,2,0,2,0,0,0,6,0,0,0,0,0,2,0,0,4,6,11,4,2,0,0.333333333,0,0,0,0,期間,2,泰國,1,遊客,1,0,0
2020,10,3,2,6,10,29,1,1,0,0,0,49,0,0,9,0,0,1,0,0,39,49,25,9,0,0,1,25,2,0,0.851851852,特朗普,37,新冠,17,總統,9,21.777,24.429
2020,10,4,0,10,5,17,1,0,0,0,0,33,0,0,3,1,2,2,0,0,25,33,26,6,1,0,0.714285714,14,0,0,1,特朗普,23,新冠,8,酒吧,4,17.107,14.525
2020,10,5,0,6,5,17,1,0,0,0,0,29,0,0,3,1,1,2,0,0,22,29,27,7,0,0,1,7,3,1,0.4,特朗普,10,新冠,8,酒吧,5,1.646,1.146
2020,10,6,1,0,5,19,5,1,0,0,0,31,0,0,4,0,0,1,0,0,26,31,32,8,0,0,1,12,4,0,0.5,特朗普,10,肺炎,8,新冠,7,3.096,0.621
2020,10,7,0,2,17,21,1,1,0,0,0,42,0,0,17,0,0,0,0,0,25,42,42,6,3,0,0.333333333,8,6,1,0.142857143,新冠,10,特朗普,7,肇始,5,2.516,1.433
2020,10,8,0,4,4,26,0,1,0,0,0,35,0,0,0,0,1,4,1,0,29,35,46,6,1,0,0.714285714,3,5,0,-0.25,學生,6,新冠,5,特朗普,5,3.624,3.894
2020,10,9,0,3,10,12,1,1,0,0,0,27,0,0,8,0,0,2,0,0,17,27,34,7,1,0,0.75,3,3,1,0,宗確診,5,檢測,3,宏利,3,1.178,1.501
2020,10,10,0,0,3,11,2,1,0,0,0,17,0,0,1,0,0,2,0,0,14,17,23,6,1,0,0.714285714,6,3,0,0.333333333,特朗普,4,帝苑,3,肺炎,2,2.339,2.099
2020,10,11,0,0,1,2,1,0,0,0,0,4,0,0,1,0,0,0,0,0,3,4,8,3,0,1,1,0,0,0,0,香港,1,衛生署,1,大埔,1,2.171,2.172
2020,10,12,0,2,2,7,2,0,0,0,0,13,0,0,1,0,1,1,0,0,10,13,22,3,3,0,0,3,1,0,0.5,特朗普,3,疫情,2,大埔,2,1.918,1.974
2020,10,13,0,1,0,7,2,0,0,0,0,10,0,0,0,0,1,0,0,0,9,10,16,5,1,0,0.666666667,1,3,0,-0.5,學院,4,屯門,2,鳳凰快,1,1.676,3.968
2020,10,14,0,1,9,8,2,2,0,0,0,22,0,1,9,0,0,0,0,0,12,22,24,5,3,0,0.25,5,1,0,0.666666667,肺炎,5,0,4,新冠,4,1.236,1.151
2020,10,15,0,2,2,14,0,1,0,0,0,19,0,0,1,0,0,1,0,1,16,19,24,6,1,0,0.714285714,4,2,0,0.333333333,新冠,7,中心,4,朗拿度,3,1.903,1.832
2020,10,16,0,1,8,8,0,0,0,0,0,17,0,0,8,0,0,0,0,0,9,17,15,6,1,0,0.714285714,4,2,0,0.333333333,檢測,8,酒吧,6,新冠,4,2.53,2.3
2020,10,17,1,0,5,4,1,0,0,0,0,11,0,0,5,0,0,0,0,0,6,11,13,7,0,0,1,1,2,1,-0.333333333,香港,4,16,4,旅遊氣,3,2.375,2.407
2020,10,18,0,0,2,1,0,0,0,0,0,3,0,0,2,0,0,0,0,0,1,3,6,2,1,0,0.333333333,0,0,0,0,印度,1,航班,1,輸入,1,2.074,2.22
2020,10,19,0,2,3,2,1,0,0,0,0,8,0,0,3,2,0,0,0,0,3,8,12,5,1,1,0.666666667,0,0,0,0,檢疫,3,領事,2,本港,2,2.762,1.546
2020,10,20,0,6,0,8,2,0,0,0,0,16,0,0,0,0,0,0,1,0,15,16,16,6,0,0,1,3,6,0,-0.333333333,檢疫,8,本港,5,15,2,1.759,1.314
2020,10,21,0,2,2,6,3,0,0,0,0,13,0,0,2,0,0,0,0,0,11,13,21,6,1,0,0.714285714,1,2,0,-0.333333333,檢測,4,人數,2,竹君,2,1.754,1.889
2020,10,22,0,1,0,6,1,0,0,0,0,8,0,0,0,0,1,0,0,0,7,8,15,5,1,0,0.666666667,0,1,0,-1,肺炎,2,本地,1,感染,1,1.868,2.058
2020,10,23,0,0,2,5,1,1,0,0,0,9,0,0,2,0,0,0,0,0,7,9,16,6,1,0,0.714285714,0,4,0,-1,新冠,2,源頭,2,葡萄牙,1,1.59,1.681
2020,10,24,0,0,1,6,1,0,0,0,0,8,0,0,1,0,0,0,0,0,7,8,15,3,3,0,0,2,1,0,0.333333333,新冠,2,源頭,1,病例,1,1.834,1.923
2020,10,25,0,0,1,6,2,0,0,0,0,9,0,0,1,0,0,0,0,0,8,9,14,5,1,1,0.666666667,2,1,0,0.333333333,香港,2,新冠,2,法國,2,1.926,1.729
2020,10,26,1,0,3,2,1,1,0,0,0,8,0,0,3,0,0,0,0,0,5,8,15,5,2,0,0.428571429,1,1,0,0,源頭,2,患者,1,醫生,1,2.207,1.591
2020,10,27,0,0,0,4,2,0,0,0,0,6,0,0,0,0,0,0,0,0,6,6,9,6,0,0,1,2,0,0,1,肺炎,2,疫情,2,本港,2,1.762,0.929
2020,10,28,1,1,0,2,1,0,0,0,0,5,0,0,0,1,0,0,0,0,4,5,10,5,0,0,1,1,1,0,0,連續,1,兩日,1,uhk,1,1.619,1.056
2020,10,29,0,0,2,5,0,2,0,0,0,9,0,0,2,0,0,0,0,0,7,9,16,6,1,0,0.714285714,3,3,0,0,新村,2,新冠,2,30,1,1.118,1.485
2020,10,30,0,2,0,6,1,1,0,0,0,10,0,0,0,0,0,0,1,0,9,10,18,5,0,1,1,4,2,0,0.333333333,Stanley,2,赤柱,2,宗新冠,1,1.198,1.849
2020,10,31,3,5,1,5,4,2,0,0,0,20,0,0,1,0,0,0,0,0,19,20,18,7,0,1,1,6,6,0,0,本港,12,疫情,7,現源頭,3,1.643,1.997
2020,11,1,0,1,3,4,1,0,0,0,0,9,0,0,1,0,0,2,0,0,6,9,16,5,2,0,0.428571429,0,2,0,-1,入境,2,沒有,2,機會,1,1.506,2.145
2020,11,2,0,8,5,7,2,2,0,0,0,24,0,1,5,2,0,0,0,0,16,24,24,5,3,0,0.25,10,0,0,1,新冠,5,香港,4,竹君,4,0,0
2020,11,3,0,2,0,11,3,0,0,0,0,16,0,0,0,0,0,0,0,0,16,16,27,6,0,0,1,10,2,0,0.666666667,etnet,2,患者,2,鳳樓,2,19.26,19.181
2020,11,4,0,2,1,16,0,0,0,0,0,19,0,0,0,0,0,1,0,0,18,19,25,6,1,0,0.714285714,11,2,0,0.692307692,嫖客,4,偷渡,4,下載,3,17.657,13.575
2020,11,5,0,0,0,4,1,1,0,0,0,6,0,0,0,0,0,0,0,0,6,6,10,6,0,0,1,1,1,0,0,etnet,2,新增,2,Staycation,1,0.96,0.625
2020,11,6,0,0,2,5,0,1,0,0,0,8,0,0,2,0,0,0,0,0,6,8,11,5,2,0,0.428571429,2,2,0,0,接觸,3,檢測,2,etnet,2,3.078,0.778
2020,11,7,0,0,0,1,0,0,0,0,0,1,0,0,0,0,0,0,0,0,1,1,2,1,0,0,1,0,0,0,0,人數,1,新冠,1,,0,1.945,1.006
2020,11,8,0,0,1,2,0,0,0,0,0,3,0,0,1,0,0,0,0,0,2,3,6,2,1,0,0.333333333,1,0,1,1,人數,1,1000,1,患者,1,2.326,3.67
2020,11,9,1,0,2,4,0,0,0,0,0,7,0,0,2,0,0,0,0,0,5,7,10,3,3,0,0,3,1,0,0.5,大埔,3,新冠,2,源頭,2,1.289,2.241
2020,11,10,0,0,2,7,2,0,0,0,0,11,0,0,1,0,0,1,0,0,9,11,16,6,0,0,1,7,0,0,1,本港,3,檢測,2,新冠,2,2.74,2.269
2020,11,11,0,1,6,7,1,1,0,0,0,16,0,0,6,0,1,0,0,0,9,16,20,5,2,1,0.428571429,2,5,0,-0.428571429,新冠,3,檢疫,3,通關,3,3.008,1.657
2020,11,12,1,1,3,13,3,0,0,0,0,21,0,0,2,0,0,1,0,0,18,21,28,7,1,0,0.75,7,2,1,0.555555556,新冠,5,食肆,4,App,2,2.176,1.423
2020,11,13,0,6,6,13,2,1,0,0,0,28,0,1,6,1,1,0,0,0,19,28,29,9,0,0,1,11,2,0,0.692307692,新冠,8,肺炎,6,本港,4,1.803,4.223
2020,11,14,0,0,0,9,2,0,0,0,0,11,0,0,0,0,0,0,0,0,11,11,18,6,0,0,1,3,3,0,0,etnet,2,源頭,2,肺炎,2,1.594,1.532
2020,11,15,0,0,1,8,0,0,0,0,0,9,0,0,1,0,0,0,0,0,8,9,11,6,0,0,1,6,1,0,0.714285714,食肆,5,新冠,4,緊貼,1,1.431,1.655
2020,11,16,0,0,0,7,2,0,0,0,0,9,0,0,0,0,0,0,0,0,9,9,13,6,0,0,1,7,0,0,1,新冠,4,旺角,2,檢測,2,1.915,1.738
2020,11,17,0,8,0,2,0,0,0,0,0,10,0,0,0,0,1,0,0,0,9,10,8,5,0,0,1,1,1,0,0,疫情,7,檢測,7,例新冠,1,1.086,1.819
2020,11,18,0,1,1,7,0,1,0,0,0,10,0,0,1,0,1,0,0,0,8,10,17,5,1,1,0.666666667,2,0,0,1,肺炎,2,etnet,2,患者,2,1.027,2.394
2020,11,19,0,2,3,5,0,0,0,0,0,10,0,0,3,0,0,0,0,0,7,10,12,3,2,1,0.2,1,1,2,0,傳播,3,檢疫,3,etnet,2,1.171,2.232
2020,11,20,0,2,0,9,5,3,0,0,0,19,0,0,0,0,0,0,0,0,19,19,25,7,0,0,1,7,5,0,0.166666667,疫情,3,本港,3,Dance,3,1.076,1.872
2020,11,21,0,13,1,13,6,4,0,0,0,37,0,2,1,0,2,0,1,0,31,37,47,5,1,1,0.666666667,10,8,2,0.111111111,疫情,7,26,4,強制,4,1.404,2.47
2020,11,22,0,27,14,14,5,3,0,0,0,63,0,1,0,1,7,14,1,0,39,63,41,8,0,1,1,15,10,0,0.2,疫情,32,檢測,18,跳舞,16,1.711,2.183
2020,11,23,3,26,0,12,3,6,0,0,0,50,0,0,0,1,1,0,0,0,48,50,39,8,0,0,1,11,8,1,0.157894737,新冠,15,person,14,疫情,7,1.664,1.969
2020,11,24,2,50,0,26,5,2,1,0,0,86,0,2,0,4,7,0,0,0,73,86,62,9,0,0,1,19,9,1,0.357142857,疫情,39,新冠,28,港府,10,3.465,1.439
2020,11,25,0,15,4,24,3,1,0,0,0,47,0,3,3,1,3,1,0,0,36,47,45,8,0,0,1,12,4,0,0.5,香港,11,病例,7,群組,7,1.815,2.325
2020,11,26,0,7,6,17,4,4,0,0,0,38,0,1,4,2,1,2,0,0,28,38,44,5,1,1,0.666666667,16,4,1,0.6,群組,9,新冠,6,疫情,4,1.993,2.154
2020,11,27,0,1,10,13,2,1,0,0,0,27,0,0,8,0,0,2,0,0,17,27,25,7,1,0,0.75,6,6,2,0,新冠,12,群組,5,肺炎,5,1.81,2.196
2020,11,28,1,7,11,29,3,1,0,0,0,52,0,1,11,1,2,0,0,0,37,52,51,9,0,0,1,15,10,1,0.2,新冠,13,醫院,9,檢測,8,2.1,2.693
2020,11,29,0,2,12,18,4,1,0,0,0,37,0,0,10,1,1,2,0,0,23,37,38,7,1,0,0.75,8,4,1,0.333333333,檢測,13,新冠,11,餐廳,4,2.09,2.419
2020,11,30,0,6,7,17,6,2,1,0,0,39,0,0,7,1,1,0,1,0,29,39,46,7,1,0,0.75,7,11,1,-0.222222222,學校,8,新冠,6,學生,5,2.687,2.452
2020,12,1,0,8,14,20,2,0,0,0,0,44,0,1,10,1,3,4,0,0,25,44,40,7,0,0,1,6,11,0,-0.294117647,檢測,13,新冠,7,疫情,7,2.233,1.933
2020,12,2,0,5,5,14,1,0,0,0,0,25,0,0,4,0,3,1,0,0,17,25,26,5,1,0,0.666666667,3,5,1,-0.25,檢測,7,香港,5,82,4,0,0
2020,12,3,0,6,8,16,0,0,0,0,0,30,0,0,8,2,1,0,0,0,19,30,32,4,1,1,0.6,7,5,1,0.166666667,新冠,8,醫院,6,肺炎,4,18.697,20.024
2020,12,4,0,1,8,12,1,0,0,0,0,22,0,0,7,0,1,1,0,0,13,22,29,7,0,0,1,8,3,0,0.454545455,醫院,4,檢測,3,90,3,16.565,14.823
2020,12,5,0,0,11,16,1,0,0,0,0,28,0,0,11,0,0,0,0,0,17,28,29,6,0,0,1,6,7,0,-0.076923077,檢測,10,新冠,7,肺炎,4,1.181,0.762
2020,12,6,0,5,7,16,1,0,0,0,0,29,0,3,7,1,1,0,0,0,17,29,38,7,0,0,1,10,2,0,0.666666667,科學園,5,新冠,5,檢測,4,2.778,0.538
2020,12,7,0,4,15,19,2,0,0,0,0,40,0,3,15,1,0,0,0,0,21,40,37,6,0,1,1,14,3,0,0.647058824,新冠,15,肺炎,13,檢測,7,2.378,1.153
2020,12,8,0,4,15,17,3,0,0,0,0,39,0,1,13,0,2,2,1,0,20,39,40,6,1,0,0.714285714,12,5,0,0.411764706,檢測,9,新冠,6,沙田,5,2.229,3.466
2020,12,9,0,5,7,21,1,1,0,0,0,35,0,2,7,3,0,0,0,0,23,35,27,6,1,0,0.714285714,9,10,1,-0.052631579,葵盛西,9,檢測,8,下載,5,1.024,2.453
2020,12,10,0,1,12,20,2,0,0,0,0,35,0,1,12,0,0,0,0,0,22,35,33,7,0,0,1,15,4,0,0.578947368,檢測,13,新冠,8,葵盛西,5,2.971,2.321
2020,12,11,0,2,5,10,2,1,0,0,0,20,0,2,4,0,0,1,0,0,13,20,23,7,0,1,1,4,3,0,0.142857143,麗晶花園,5,檢測,5,新冠,4,1.896,1.427
2020,12,12,0,0,15,11,1,1,0,0,0,28,0,0,15,0,0,0,0,0,13,28,26,7,0,0,1,4,6,0,-0.2,檢測,12,酒店,9,新冠,5,2.51,1.439
2020,12,13,0,2,9,11,1,0,0,0,0,23,0,0,2,0,1,7,1,0,12,23,23,4,3,0,0.142857143,6,3,0,0.333333333,檢測,6,新冠,6,香港,4,1.191,4.104
2020,12,14,0,1,22,10,0,0,0,0,0,33,0,0,8,1,0,14,0,0,10,33,27,5,1,1,0.666666667,4,3,0,0.142857143,檢測,13,單位,12,新冠,4,1.663,3.489
2020,12,15,0,0,17,15,1,0,0,0,0,33,0,0,12,0,0,5,0,0,16,33,34,4,3,0,0.142857143,6,2,1,0.5,新冠,12,肺炎,5,累計,4,1.553,2.641
2020,12,16,0,1,11,9,3,0,0,0,0,24,0,0,5,1,0,6,0,0,12,24,32,6,1,0,0.714285714,4,3,0,0.142857143,新冠,4,肺炎,4,單位,2,1.402,4.015
2020,12,17,0,2,19,9,1,0,0,0,0,31,0,0,12,0,2,7,0,0,10,31,32,7,1,0,0.75,3,3,0,0,外傭,9,檢測,9,輸入,4,1.418,3.722
2020,12,18,0,0,9,8,2,0,0,0,0,19,0,0,7,0,0,2,0,0,10,19,25,7,0,0,1,2,4,0,-0.333333333,16,6,檢測,6,新冠,3,1.366,3.443
2020,12,19,0,2,24,16,2,0,0,0,0,44,0,1,23,0,1,1,0,0,18,44,39,7,0,0,1,8,8,0,0,檢測,12,肺炎,7,醫院,7,1.969,3.542
2020,12,20,0,1,7,13,2,0,0,0,0,23,0,0,5,0,1,2,0,0,15,23,28,5,1,1,0.666666667,5,2,0,0.428571429,肺炎,6,新冠,5,檢疫,2,1.526,3.35
2020,12,21,0,0,16,9,0,0,0,0,0,25,0,0,12,0,0,4,0,0,9,25,20,1,5,0,-0.666666667,4,4,0,0,新冠,12,肺炎,12,病人,3,1.933,2.739
2020,12,22,0,2,6,11,6,1,0,0,0,26,0,1,4,1,0,2,0,0,18,26,29,7,0,2,1,4,3,0,0.142857143,新冠,7,肺炎,7,大廈,4,1.697,1.931
2020,12,23,0,1,15,8,3,2,0,0,0,29,0,1,13,0,0,2,0,0,13,29,24,6,2,0,0.5,6,4,1,0.2,新冠,17,英國,9,檢測,5,1.933,3.643
2020,12,24,1,2,12,15,0,0,0,0,0,30,0,1,11,0,1,1,0,0,16,30,23,7,0,0,1,7,5,0,0.166666667,新冠,12,檢測,10,食肆,6,1.702,3.869
2020,12,25,0,2,11,5,0,1,0,0,0,19,0,1,10,0,1,1,0,0,6,19,21,5,2,0,0.428571429,1,2,0,-0.333333333,新冠,7,英國,3,酒店,2,1.507,3.628
2020,12,26,0,2,4,5,1,0,0,0,0,12,0,1,2,0,1,2,0,0,6,12,18,5,2,0,0.428571429,2,2,0,0,新冠,3,肺炎,3,檢測,3,0.991,2.955
2020,12,27,0,0,11,4,0,1,0,0,0,16,0,0,2,0,0,9,0,0,5,16,12,3,4,0,-0.142857143,3,0,0,1,大廈,6,檢測,6,醫院,4,0.909,2.049
2020,12,28,0,0,9,13,1,0,0,0,0,23,0,0,7,0,0,2,0,0,14,23,29,5,0,1,1,6,5,0,0.090909091,新冠,8,檢測,4,70,3,1.224,2.115
2020,12,29,0,0,8,10,1,0,0,0,0,19,0,0,7,0,0,1,0,0,11,19,19,6,1,0,0.714285714,4,4,1,0,新冠,11,醫院,5,檢測,3,1.572,2.101
2020,12,30,0,1,23,9,3,0,0,0,0,36,0,0,23,1,0,0,0,0,12,36,28,6,2,0,0.5,4,3,1,0.142857143,新冠,20,肺炎,12,醫院,7,1.289,3.171
2020,12,31,0,0,22,15,2,0,0,0,0,39,0,0,16,0,0,6,0,0,17,39,36,3,3,0,0,4,7,0,-0.272727273,檢測,19,新冠,12,醫院,7,1.559,3.018
2021,1,1,0,0,5,8,0,1,0,0,0,14,0,0,2,0,0,3,0,0,9,14,19,4,1,1,0.6,5,3,0,0.25,新冠,3,檢測,3,大廈,2,1.08,3.537
2021,1,2,0,1,6,10,2,2,0,0,0,21,0,0,4,1,0,2,0,0,14,21,28,7,1,0,0.75,5,4,1,0.111111111,大廈,3,檢測,3,新冠,3,0.787,3.723
2021,1,3,0,0,10,7,3,1,0,0,0,21,0,0,5,0,0,5,0,0,11,21,30,4,3,0,0.142857143,5,1,0,0.666666667,檢測,4,35,4,醫院,3,1.123,0.782
2021,1,4,0,4,10,7,3,1,0,0,0,25,0,2,6,1,1,4,0,0,11,25,31,6,1,0,0.714285714,7,3,0,0.4,變種,3,肺炎,3,隔離,3,3.818,2.177
2021,1,5,0,2,12,4,1,0,0,0,0,19,0,1,9,0,1,3,0,0,5,19,26,4,4,0,0,3,2,0,0.2,新冠,3,人數,2,美國,2,1.364,2.443
2021,1,6,0,2,11,9,1,1,0,0,0,24,0,2,9,0,0,2,0,0,11,24,27,7,1,0,0.75,5,2,0,0.428571429,新冠,8,醫院,7,人數,3,1.507,2.113
2021,1,7,0,1,22,12,2,1,0,0,0,38,0,0,22,0,1,0,0,0,15,38,31,6,2,0,0.5,3,2,0,0.2,新冠,18,肺炎,9,檢測,7,1.577,2.876
2021,1,8,0,2,4,8,1,2,0,0,0,17,0,1,3,1,0,1,0,0,11,17,27,5,2,1,0.428571429,5,2,0,0.428571429,33,2,warning,2,新增,2,1.818,2.922
2021,1,9,0,0,4,5,2,1,0,0,0,12,0,0,0,0,0,4,0,0,8,12,18,6,0,1,1,5,2,0,0.428571429,大廈,3,檢測,2,人數,2,4.342,4.271
2021,1,10,0,1,3,8,2,0,0,0,0,14,0,0,0,0,1,3,0,0,10,14,24,5,1,1,0.666666667,3,3,0,0,竹君,3,新增,2,大廈,2,5.72,4.187
2021,1,11,0,0,12,9,2,2,0,0,0,25,0,0,9,0,0,3,0,0,13,25,30,6,1,0,0.714285714,5,3,0,0.25,救護,7,接種,6,新冠,5,3.735,4.154
2021,1,12,0,2,22,13,2,1,0,0,0,40,0,0,22,2,0,0,0,0,16,40,31,6,2,0,0.5,6,5,1,0.090909091,新冠,21,肺炎,11,救護,6,1.801,1.856
2021,1,13,0,1,17,15,1,1,0,0,0,35,0,1,16,0,0,1,0,0,17,35,31,8,1,0,0.777777778,8,4,0,0.333333333,新冠,15,檢測,12,強制,5,6.124,4.048
2021,1,14,0,0,11,13,0,0,0,0,0,24,0,0,9,0,0,1,0,0,14,24,26,5,0,1,1,8,1,0,0.777777778,新冠,11,肺炎,5,檢測,3,1.411,2.721
2021,1,15,0,0,5,10,2,1,0,0,0,18,0,0,3,0,0,2,0,0,13,18,25,6,1,0,0.714285714,6,1,1,0.714285714,新冠,4,肺炎,3,檢測,3,1.624,3.289
2021,1,16,0,0,12,12,1,0,0,0,0,25,0,0,8,0,0,4,0,0,13,25,24,4,0,3,1,7,5,0,0.166666667,檢測,11,新冠,8,15,4,1.945,3.739
2021,1,17,0,1,14,5,2,1,0,0,0,23,0,0,10,1,0,4,0,0,8,23,25,7,1,1,0.75,4,0,1,1,檢測,6,新增,5,強制,4,1.758,3.506
2021,1,18,1,1,11,11,4,1,0,0,0,29,0,0,8,1,0,3,0,0,17,29,29,6,2,0,0.5,8,5,1,0.230769231,大廈,9,新冠,6,檢測,5,1.725,3.294
2021,1,19,1,0,9,10,1,0,0,0,0,21,0,0,8,0,0,1,0,0,12,21,27,8,0,0,1,2,9,0,-0.636363636,醫院,7,檢測,7,大廈,2,1.935,2.428
2021,1,20,1,0,16,10,1,0,0,0,0,28,0,0,13,0,0,3,0,0,12,28,29,7,0,0,1,5,5,0,0,檢測,10,強制,6,大廈,5,1.54,3.07
2021,1,21,0,0,9,12,0,0,0,0,0,21,0,0,7,0,0,2,0,0,12,21,24,6,0,0,1,3,3,2,0,檢測,8,新冠,7,區域,2,1.823,2.469
2021,1,22,2,0,7,10,1,0,0,0,0,20,0,0,7,0,0,0,0,0,13,20,21,7,0,0,1,5,3,1,0.25,檢測,8,大廈,8,新冠,3,1.358,2.404
2021,1,23,0,1,14,10,0,0,0,0,0,25,0,0,13,1,0,1,0,0,10,25,19,6,0,0,1,4,3,1,0.142857143,檢測,12,大廈,11,油麻,5,1.711,2.028
2021,1,24,0,2,7,7,0,1,0,0,0,17,0,0,4,2,0,3,0,0,8,17,23,7,1,0,0.75,4,3,0,0.142857143,資訊,4,人數,3,區域,2,1.82,2.255
2021,1,25,1,0,5,5,1,1,0,0,0,13,0,0,1,0,0,4,0,0,8,13,19,5,2,0,0.428571429,4,3,0,0.142857143,佐敦,3,區域,2,檢測,2,2.069,1.894
2021,1,26,0,0,9,10,0,1,0,0,0,20,0,0,8,0,0,1,0,0,11,20,18,7,0,0,1,6,3,1,0.333333333,檢測,8,封區,8,新冠,5,1.434,1.235
2021,1,27,0,1,16,8,3,0,0,0,0,28,0,0,15,1,0,1,0,0,11,28,17,5,1,1,0.666666667,6,3,0,0.333333333,檢測,17,大廈,8,封區,6,1.588,1.73
2021,1,28,1,0,20,7,3,0,0,0,0,31,0,0,19,0,0,1,0,0,11,31,18,8,0,0,1,5,4,0,0.111111111,檢測,21,封區,14,大廈,6,1.899,1.352
2021,1,29,0,1,15,9,0,0,0,0,0,25,0,1,13,0,0,2,0,0,9,25,22,5,1,0,0.666666667,5,1,0,0.666666667,檢測,13,大廈,11,出現,5,1.799,1.647
2021,1,30,0,0,2,10,1,0,0,0,0,13,0,0,1,0,0,1,0,0,11,13,21,6,0,0,1,3,4,0,-0.142857143,食肆,2,疫情,2,人數,2,2.055,1.169
2021,1,31,0,0,7,5,0,0,0,0,0,12,0,0,5,0,0,2,0,0,5,12,14,5,0,1,1,5,0,0,1,檢測,5,新冠,4,緊貼,2,1.981,1.16
2021,2,1,0,0,13,3,1,0,0,0,0,17,0,0,8,0,0,5,0,0,4,17,13,4,1,1,0.6,4,0,0,1,接種,5,大廈,5,檢測,5,2.1,0.898
2021,2,2,1,0,8,12,1,0,0,0,0,22,0,0,6,0,0,2,0,0,14,22,27,7,0,0,1,9,1,0,0.8,港城,8,檢測,3,新冠,3,1.032,4.221
2021,2,3,0,0,10,14,1,0,0,0,0,25,0,0,6,0,0,4,0,0,15,25,33,6,0,0,1,10,3,0,0.538461538,封區,4,檢測,3,新冠,3,1.518,1.097
2021,2,4,0,1,8,16,1,0,0,0,0,26,0,0,6,1,0,2,0,0,17,26,33,7,0,1,1,9,3,1,0.5,檢測,9,強制,4,人數,3,2.712,2.289
2021,2,5,0,0,26,16,0,2,0,0,0,44,0,0,25,0,0,1,0,0,18,44,32,5,0,1,1,7,5,1,0.166666667,檢測,23,強制,11,封區,7,1.769,2.456
2021,2,6,0,1,17,15,1,2,0,0,0,36,0,0,13,1,0,4,0,0,18,36,31,7,2,0,0.555555556,7,8,0,-0.066666667,檢測,16,區域,9,患者,5,2.085,1.93
2021,2,7,0,0,3,13,0,1,0,0,0,17,0,0,2,0,0,1,0,0,14,17,24,6,0,0,1,9,3,0,0.5,檢測,3,大廈,2,肺炎,2,2.085,1.787
2021,2,8,0,1,7,11,1,0,0,0,0,20,0,0,6,1,0,1,0,0,12,20,21,6,1,0,0.714285714,4,4,0,0,檢測,10,強制,7,新冠,3,1.848,2.985
2021,2,9,0,4,19,10,2,1,0,0,0,36,0,2,17,2,0,2,0,0,13,36,29,7,1,0,0.75,7,3,1,0.4,檢測,18,區域,15,豁免,4,2.132,2.891
2021,2,10,1,1,23,16,0,0,0,0,0,41,0,0,21,1,0,2,0,0,17,41,31,7,0,0,1,9,3,1,0.5,檢測,20,強制,11,封區,8,3.166,2.956
2021,2,11,0,0,5,11,1,1,0,0,0,18,0,0,2,0,0,3,0,0,13,18,26,7,1,0,0.75,7,4,0,0.272727273,檢測,3,人數,3,海逸豪園,3,1.761,2.592
2021,2,12,0,0,4,6,0,0,0,0,0,10,0,0,1,0,0,3,0,0,6,10,16,4,0,1,1,2,1,0,0.333333333,人數,2,美國,2,新冠,2,1.945,2.286
2021,2,13,0,1,2,4,1,2,0,0,0,10,0,1,1,0,0,1,0,0,7,10,14,4,2,0,0.333333333,3,2,0,0.2,疫情,4,大廈,2,mark,2,2.284,2.17
2021,2,14,0,2,13,5,2,1,0,0,0,23,0,1,12,0,1,1,0,0,8,23,20,8,0,0,1,4,0,0,1,檢測,11,大廈,8,13,4,0.638,0.736
2021,2,15,0,1,11,11,3,1,0,0,0,27,0,0,9,0,1,2,0,0,15,27,24,8,1,0,0.777777778,8,0,0,1,大廈,12,新冠,5,年初二,5,1.473,1.113
2021,2,16,0,0,4,6,3,2,0,0,0,15,0,0,4,0,0,0,0,0,11,15,20,6,0,0,1,5,0,0,1,接種,3,mark,3,warning,3,1.985,1.334
2021,2,17,0,1,12,8,3,1,0,0,0,25,0,0,11,0,1,1,0,0,12,25,26,8,0,0,1,7,2,0,0.555555556,接種,10,疫苗,7,新冠,4,2.127,1.985
2021,2,18,2,1,3,9,0,0,0,0,0,15,0,0,3,0,1,0,0,0,11,15,20,6,0,0,1,8,0,0,1,檢測,3,食肆,3,消防局,3,2.623,1.919
2021,2,19,0,0,1,4,0,0,0,0,0,5,0,0,1,0,0,0,0,0,4,5,10,4,0,1,1,2,0,1,1,檢測,1,接種,1,jetso,1,2.926,2.444
2021,2,20,0,0,1,9,2,1,0,0,0,13,0,0,0,0,0,1,0,0,12,13,21,7,0,0,1,5,4,0,0.111111111,新冠,2,大廈,2,強制,2,3.75,2.029
2021,2,21,0,0,3,3,0,0,0,0,0,6,0,0,2,0,0,1,0,0,3,6,9,5,0,1,1,1,1,0,0,知客,2,酒樓,2,強調,2,4.506,2.005
2021,2,22,0,0,2,4,0,0,0,0,0,6,0,0,1,0,0,1,0,0,4,6,11,4,2,0,0.333333333,3,0,0,1,屯門,2,檢測,1,港台,1,5.305,1.939
2021,2,23,0,0,4,6,1,0,0,0,0,11,0,0,1,0,0,3,0,0,7,11,17,5,1,0,0.666666667,4,1,1,0.6,人數,3,大廈,2,美國,2,3.974,2.151
2021,2,24,0,0,2,7,2,0,0,0,2,13,0,0,0,0,0,2,0,0,11,13,19,6,0,0,1,4,0,0,1,疫情,3,人數,3,新冠,2,3.573,2.036
2021,2,25,0,0,13,9,1,1,0,0,0,24,0,0,11,0,0,2,0,0,11,24,24,7,0,0,1,5,1,0,0.666666667,檢測,11,疫苗,6,食肆,3,2.676,1.619
2021,2,26,0,0,1,5,1,0,0,0,0,7,0,0,0,0,0,1,0,0,6,7,11,6,0,0,1,2,1,0,0.333333333,新冠,3,人數,2,jetso,1,2.261,1.49
2021,2,27,0,0,1,10,0,2,0,0,0,13,0,0,0,0,0,1,0,0,12,13,23,4,1,1,0.6,6,2,0,0.5,名潮,2,新冠,2,20,2,2.166,1.348
2021,2,28,0,0,10,3,1,1,0,0,1,16,0,0,9,0,0,1,0,0,6,16,15,6,0,2,1,3,2,0,0.2,接種,7,疫苗,6,名潮,3,4.227,1.809
2021,3,1,0,2,16,6,0,0,0,0,0,24,0,0,13,0,2,3,0,0,6,24,18,6,0,1,1,5,0,0,1,K11,14,檢測,9,接種,4,5.114,2.077
2021,3,2,0,1,4,6,0,0,0,0,0,11,0,0,2,0,1,2,0,0,6,11,18,6,0,0,1,2,0,0,1,人數,2,病例,2,輸入,2,1.853,5.123
2021,3,3,0,7,4,15,0,1,0,0,0,27,0,0,1,0,0,3,0,0,23,27,33,4,1,2,0.6,10,6,2,0.25,回港,9,28,6,13,3,2.112,0.882
2021,3,4,1,1,2,4,0,0,0,0,0,8,0,1,1,0,0,1,0,0,5,8,14,5,2,0,0.428571429,1,1,0,0,宗新冠,2,檢測,2,不明,1,2.802,1.777
2021,3,5,0,0,2,6,1,0,0,0,0,9,0,0,0,0,0,2,0,0,7,9,16,6,1,0,0.714285714,4,1,0,0.6,新冠,2,食肆,2,肺炎,1,1.206,1.34
2021,3,6,0,0,3,4,2,0,0,0,0,9,0,0,1,0,0,2,0,0,6,9,17,6,1,0,0.714285714,2,0,0,1,人數,2,超過,1,肺炎,1,1.05,1.352
2021,3,7,0,0,3,0,2,3,0,0,0,8,0,0,2,0,0,1,0,0,5,8,14,6,0,0,1,1,1,0,0,醫院,2,其餘,2,病毒,1,1.615,2.358
2021,3,8,0,0,5,8,1,1,0,0,0,15,0,0,3,0,0,2,0,0,10,15,20,6,0,1,1,6,0,1,1,新冠,6,檢測,4,肺炎,2,1.751,2.514
2021,3,9,0,0,0,4,14,1,0,0,0,19,0,0,0,0,0,0,0,0,19,19,8,7,0,0,1,3,2,0,0.2,香港,16,大廈,16,jetso,1,2.798,3.184
2021,3,10,0,0,2,8,0,1,0,0,0,11,0,0,2,0,0,0,0,0,9,11,18,5,0,1,1,3,1,0,0.5,檢測,2,檢疫,2,餐廳,2,3.956,4.709
2021,3,11,0,2,2,9,0,2,0,0,0,15,0,0,0,1,1,2,0,0,11,15,21,6,0,0,1,7,0,0,1,健身,5,新冠,3,教練,2,4.105,4.049
2021,3,12,1,2,3,10,2,2,1,0,0,21,0,1,0,0,1,3,0,0,16,21,22,9,0,0,1,8,3,0,0.454545455,Fitness,8,Ursus,6,健身,4,4.149,3.625
2021,3,13,0,0,12,11,1,1,0,0,0,25,0,0,9,0,0,3,0,0,13,25,22,7,1,0,0.75,8,2,0,0.6,接種,6,健身,6,Fitness,5,3.453,6.094
2021,3,14,0,1,5,7,1,2,0,0,0,16,0,0,4,0,1,1,0,0,10,16,21,8,0,0,1,6,2,0,0.5,檢測,3,真光,3,九龍塘,3,2.003,1.626
2021,3,15,0,0,3,6,0,0,0,0,0,9,0,0,2,0,0,1,0,0,6,9,13,5,0,1,1,4,1,0,0.6,檢測,5,強制,2,人數,1,2.613,1.34
2021,3,16,0,1,3,9,1,1,0,0,0,15,0,0,0,0,1,3,0,0,11,15,22,7,0,0,1,3,5,0,-0.25,檢測,4,累計,3,強制,2,1.702,1.38
2021,3,17,2,10,8,18,6,4,0,0,0,48,0,3,3,1,6,5,0,0,30,48,42,8,0,0,1,22,1,0,0.913043478,疫苗,16,接種,15,疫情,6,1.785,1.918
2021,3,18,2,1,8,16,6,1,0,0,0,34,0,1,7,0,0,1,0,0,25,34,30,7,2,0,0.555555556,15,5,0,0.5,接種,16,疫苗,10,新冠,5,1.754,1.6
2021,3,19,1,1,3,7,1,2,0,0,0,15,0,0,0,0,1,3,0,0,11,15,25,7,1,0,0.75,3,4,1,-0.142857143,人數,3,新冠,2,美國,2,1.512,1.569
2021,3,20,0,0,4,3,2,0,0,0,0,9,0,0,2,0,0,2,0,0,5,9,16,7,0,0,1,2,1,0,0.333333333,美資,2,人數,2,一間,1,1.437,1.507
2021,3,21,0,1,3,1,2,0,0,0,0,7,0,0,2,0,1,1,0,0,3,7,11,4,3,0,0.142857143,2,0,0,1,肺炎,2,檢測,2,強制,2,1.822,1.559
2021,3,22,1,2,0,3,1,0,0,0,0,7,0,1,0,1,0,0,0,0,5,7,12,7,0,0,1,4,0,0,1,接種,2,疫苗,2,陽性,1,2.039,1.412
2021,3,23,0,0,3,1,1,0,0,0,0,5,0,0,2,0,0,1,0,0,2,5,9,3,1,1,0.5,0,0,0,0,竹君,2,相關,1,檢疫,1,1.39,1.187
2021,3,24,0,0,2,3,1,1,0,0,0,7,0,0,0,0,0,2,0,0,5,7,13,6,0,1,1,1,0,0,1,人數,2,屯門,1,加油,1,1.463,1.458
2021,3,25,0,0,0,2,3,2,0,0,0,7,0,0,0,0,0,0,0,0,7,7,8,7,0,0,1,2,0,0,1,warning,4,BioNTech,4,必泰,1,1.572,1.19
2021,3,26,0,1,5,7,0,0,0,0,0,13,0,0,0,1,0,5,0,0,7,13,21,5,1,0,0.666666667,3,0,0,1,人數,3,宗新冠,2,新冠,2,1.442,1.349
2021,3,27,0,0,2,3,1,1,0,0,0,7,0,0,0,0,0,2,0,0,5,7,9,6,1,0,0.714285714,2,0,0,1,人數,3,美國,2,疫情,2,1.445,1.61
2021,3,28,0,0,3,4,0,1,0,0,0,8,0,0,0,0,0,3,0,0,5,8,11,4,2,0,0.333333333,1,0,1,1,抵港,3,人數,2,美國,2,1.442,1.629
2021,3,29,0,0,12,8,1,1,0,0,0,22,0,0,10,0,0,2,0,0,10,22,23,5,1,1,0.666666667,6,1,0,0.714285714,接種,9,疫苗,7,新冠,4,1.95,1.5
2021,3,30,0,0,2,6,1,0,0,0,0,9,0,0,0,0,0,2,0,0,7,9,17,5,1,1,0.666666667,5,0,0,1,人數,2,大樓須,1,強檢,1,1.129,1.045
2021,3,31,1,0,0,4,1,0,0,0,0,6,0,0,0,0,0,0,0,0,6,6,8,5,1,0,0.666666667,2,0,0,1,數字,2,升幅,2,宗新冠,2,1.42,1.711
2021,4,1,0,0,3,2,0,0,0,0,0,5,0,0,0,0,0,3,0,0,2,5,7,5,0,0,1,0,0,0,0,人數,2,接種,2,疫苗,2,1.923,1.535
2021,4,2,0,0,5,3,0,0,0,0,0,8,0,0,2,0,0,3,0,0,3,8,10,4,0,2,1,1,0,0,1,新冠,3,大廈,2,人數,2,2.006,4.673
2021,4,3,1,0,6,1,2,5,0,0,0,15,0,0,6,0,0,0,0,0,9,15,12,7,0,0,1,3,1,0,0.5,活節,6,疫苗,6,數字,5,1.82,1.11
2021,4,4,0,0,2,1,1,2,0,0,0,6,0,0,2,0,0,0,0,0,4,6,9,6,0,0,1,1,0,0,1,接種,2,活節,2,數字,2,2.121,1.509
2021,4,5,0,1,1,1,1,1,0,0,0,5,0,0,0,0,1,1,0,0,3,5,10,5,0,0,1,1,1,0,0,數食,1,數字,1,英國,1,1.283,1.132
2021,4,6,0,0,1,2,0,2,0,0,0,5,0,0,0,0,0,1,0,0,4,5,8,5,0,0,1,2,2,0,0,變種,2,病毒,2,疫情,1,1.068,1.873
2021,4,7,0,0,0,1,0,2,0,0,0,3,0,0,0,0,0,0,0,0,3,3,4,3,0,0,1,1,0,0,1,被驗,2,出帶,2,油塘,1,1.812,2.078
2021,4,8,0,0,1,1,2,0,0,0,0,4,0,0,0,0,0,1,0,0,3,4,8,3,1,0,0.5,1,0,0,1,肺炎,1,愛暉樓,1,三宗,1,2.229,2.789
2021,4,9,0,1,0,4,1,0,0,0,0,6,0,0,0,0,1,0,0,0,5,6,12,4,1,1,0.6,3,0,0,1,COVID,1,精神疾病,1,疫情,1,3.605,3.88
2021,4,10,0,0,1,2,1,0,0,0,0,4,0,0,0,0,0,1,0,0,3,4,8,4,0,0,1,0,1,2,-1,9,1,當中,1,患者,1,3.032,3.334
2021,4,11,0,0,0,7,1,0,0,0,1,9,0,0,0,0,0,0,0,0,9,9,11,6,0,0,1,4,2,0,0.333333333,愛暉樓,3,單位,3,接種,2,1.582,1.757
2021,4,12,0,0,2,2,0,1,0,0,0,5,0,0,1,0,0,1,0,0,3,5,8,5,0,0,1,2,0,0,1,接種,2,疫苗,2,屯門,1,1.778,1.626
2021,4,13,0,0,4,3,1,0,0,0,0,8,0,0,4,0,0,0,0,0,4,8,8,6,0,0,1,0,0,0,0,疫苗,4,愛暉樓,4,接種,3,1.785,2.337
2021,4,14,0,0,1,2,0,0,0,0,0,3,0,0,0,0,0,1,0,0,2,3,6,1,1,1,0,1,0,0,1,13,1,宗新冠,1,源頭,1,1.753,1.983
2021,4,15,1,0,2,8,2,0,0,0,0,13,0,0,2,0,0,0,0,0,11,13,19,7,0,0,1,4,2,0,0.333333333,疫情,3,愛暉樓,2,客機,2,1.807,1.589
2021,4,16,0,0,4,4,1,1,0,0,0,10,0,0,4,0,0,0,0,0,6,10,14,5,1,0,0.666666667,1,1,0,0,接種,4,疫苗,4,人數,1,1.724,2.003
2021,4,17,0,0,0,5,1,0,0,0,0,6,0,0,0,0,0,0,0,0,6,6,11,5,0,1,1,2,0,0,1,新冠,2,科興,1,疫情,1,1.817,2.057
2021,4,18,0,3,4,6,2,2,0,0,0,17,0,3,4,0,0,0,0,0,10,17,18,5,1,1,0.666666667,8,1,0,0.777777778,接種,8,疫苗,5,立場,3,1.638,1.628
2021,4,19,0,0,2,4,0,0,0,0,0,6,0,0,1,0,0,1,0,0,4,6,11,5,1,0,0.666666667,2,0,0,1,變種,2,30,1,宗新冠,1,2.3,1.873
2021,4,20,0,1,4,4,3,3,0,0,0,15,0,0,4,1,0,0,0,0,10,15,16,5,2,0,0.428571429,4,1,0,0.6,UK6395,4,客機,4,檢測,4,1.131,1.517
2021,4,21,1,2,2,5,2,0,0,0,0,12,0,1,2,0,1,0,0,0,8,12,15,6,1,0,0.714285714,3,4,0,-0.142857143,回港,5,竹君,3,UK6395,2,1.552,2.055
2021,4,22,0,2,4,2,1,2,0,0,0,11,0,1,4,1,0,0,0,0,5,11,13,4,1,1,0.6,3,0,0,1,檢測,2,20,2,香港,2,1.871,1.517
2021,4,23,0,1,2,7,3,1,0,0,0,14,0,1,1,0,0,1,0,0,11,14,21,8,0,0,1,6,0,1,1,親子,3,疫情,3,學校,2,1.466,1.538
2021,4,24,0,1,4,7,0,0,0,0,0,12,0,0,3,0,0,1,0,0,8,12,22,5,0,1,1,5,0,0,1,檢測,2,陰性,2,個樣,1,1.718,2.021
2021,4,25,0,0,0,5,0,0,0,0,0,5,0,0,0,0,0,0,0,0,5,5,9,5,0,0,1,5,0,0,1,新冠,2,變種,1,菲傭,1,1.382,1.488
2021,4,26,0,0,3,6,1,2,0,0,0,12,0,0,2,0,0,1,0,0,9,12,19,5,2,0,0.428571429,2,2,2,0,抵港,4,無病,2,編號,2,2.031,1.675
2021,4,27,0,2,5,2,0,0,0,0,0,9,0,0,5,2,0,0,0,0,2,9,13,5,2,0,0.428571429,1,0,0,1,女士,3,檢疫,2,新冠,2,1.017,1.567
2021,4,28,0,0,0,3,2,0,0,0,0,5,0,0,0,0,0,0,0,0,5,5,9,5,0,0,1,1,2,0,-0.333333333,肺炎,2,本港,1,連續,1,1.305,1.739
2021,4,29,0,1,2,2,1,1,0,0,0,7,0,0,2,0,1,0,0,0,4,7,14,5,2,0,0.428571429,0,1,0,-1,宗是,1,肺炎,1,28,1,1.638,1.549
2021,4,30,2,3,5,4,5,0,0,0,0,19,0,0,3,1,1,2,0,0,12,19,31,6,2,0,0.5,3,4,0,-0.142857143,人數,3,印度,3,15,2,1.985,1.639
2021,5,1,0,0,4,6,4,1,0,0,0,15,0,0,0,0,0,4,0,0,11,15,19,6,1,0,0.714285714,0,4,0,-1,病毒,4,變種,4,新冠,3,2.452,2.336
2021,5,2,0,2,4,2,0,0,0,0,0,8,0,0,1,0,2,3,0,0,2,8,16,4,3,0,0.142857143,1,1,0,0,16,1,宗社,1,冠狀,1,1.419,2.587
2021,5,3,0,1,5,3,4,1,0,0,0,14,0,0,2,1,0,3,0,0,8,14,20,7,1,0,0.75,4,0,0,1,冠狀,2,warning,2,新增,2,2.974,1.036
2021,5,4,0,0,3,1,4,0,0,0,0,8,0,0,0,0,0,3,0,0,5,8,14,6,0,0,1,1,0,0,1,檢疫,2,變種,2,warning,1,2.256,1.666
2021,5,5,0,1,14,12,1,1,0,0,0,29,0,0,6,1,0,8,0,0,14,29,33,6,2,1,0.5,9,3,0,0.5,威花園,4,餐廳,4,疫情,4,1.235,1.413
2021,5,6,0,1,4,12,1,1,0,0,0,19,0,0,2,0,0,2,1,0,14,19,21,7,2,0,0.555555556,4,2,0,0.333333333,變種,7,檢測,4,強制,3,1.388,1.593
2021,5,7,0,1,7,6,2,1,0,0,0,17,0,0,5,0,1,2,0,0,9,17,18,5,3,0,0.25,1,3,1,-0.5,變種,10,病毒,4,聚會,4,2.053,2.007
2021,5,8,0,0,6,6,0,0,0,0,0,12,0,0,2,0,0,4,0,0,6,12,14,4,2,0,0.333333333,2,2,0,0,檢測,4,大埔,3,變種,3,1.876,2.53
2021,5,9,0,0,7,3,0,0,0,0,0,10,0,0,4,0,0,3,0,0,3,10,14,4,1,1,0.6,1,1,0,0,變種,2,女友,2,酒店,2,2.557,2.93
2021,5,10,0,0,3,2,0,0,0,0,0,5,0,0,2,0,0,1,0,0,2,5,8,5,0,0,1,0,0,0,0,新加坡,2,社區,2,台灣,1,5.038,4.008
2021,5,11,0,0,5,3,1,0,0,0,0,9,0,0,2,0,0,3,0,0,4,9,15,4,2,0,0.333333333,0,0,0,0,生醫院,2,新加坡,2,人數,2,1.381,2.163
2021,5,12,1,0,3,1,0,0,0,0,0,5,0,0,0,0,0,3,0,0,2,5,9,2,1,2,0.333333333,0,0,0,0,人數,2,抵港,1,變種,1,3.735,3.836
2021,5,13,0,0,5,5,1,2,0,0,0,13,0,0,1,0,0,4,0,0,8,13,21,6,0,0,1,3,1,0,0.5,兩宗,2,本地,2,女友,2,6.116,5.552
2021,5,14,0,1,4,5,2,2,0,0,0,14,0,0,2,0,1,2,0,0,9,14,19,4,2,1,0.333333333,0,1,0,-1,病毒,4,變種,3,女友,2,1.301,1.922
2021,5,15,0,1,8,4,0,2,0,0,0,15,0,1,4,0,0,4,0,0,6,15,19,6,1,0,0.714285714,3,0,0,1,病毒,3,旅遊氣,2,變種,2,1.785,2.217
2021,5,16,0,1,3,3,1,0,0,0,0,8,0,0,1,0,1,2,0,0,4,8,13,4,2,0,0.333333333,4,0,0,1,源頭,3,台灣,2,基因,1,2.12,2.486
2021,5,17,0,0,3,6,4,2,0,0,0,15,0,0,2,0,0,1,0,0,12,15,23,6,0,0,1,2,6,0,-0.5,台灣,3,新冠,2,肺炎,2,2.101,2.234
2021,5,18,0,0,2,4,2,0,0,0,0,8,0,0,2,0,0,0,0,0,6,8,13,7,0,0,1,1,0,0,1,疫情,2,台灣,2,新冠,2,1.32,1.845
2021,5,19,0,2,4,2,1,0,0,0,0,9,0,0,3,0,2,1,0,0,3,9,14,5,1,2,0.666666667,1,0,0,1,接種,3,通報,2,疫苗,2,1.45,2.531
2021,5,20,0,1,13,7,1,3,0,0,0,25,0,0,7,0,1,6,0,0,11,25,28,6,2,0,0.5,5,0,0,1,檢測,8,16,4,男童,4,1.997,1.824
2021,5,21,0,4,14,9,1,2,0,0,0,30,0,3,10,0,0,4,1,0,12,30,34,4,4,0,0,6,1,0,0.714285714,新冠,6,檢測,6,樣本,4,1.638,1.981
2021,5,22,0,1,10,3,4,1,0,0,0,19,0,1,8,0,0,2,0,0,8,19,26,4,4,0,0,1,0,0,1,新冠,4,接種,4,18,3,1.973,2.051
2021,5,23,0,1,9,3,1,2,0,0,0,16,0,0,7,0,1,2,0,0,6,16,17,6,1,0,0.714285714,2,0,0,1,檢測,7,強制,5,疫情,2,2.198,2.039
2021,5,24,0,1,8,6,2,2,0,0,0,19,0,1,5,0,0,3,0,0,10,19,19,6,0,2,1,3,3,0,0,接種,6,檢測,6,印傭,4,1.813,1.711
2021,5,25,0,1,10,10,4,3,0,0,0,28,0,0,6,0,1,4,0,0,17,28,33,6,1,0,0.714285714,10,1,0,0.818181818,檢測,8,接種,6,變種,4,1.476,1.491
2021,5,26,1,0,3,1,3,1,0,0,0,9,0,0,0,0,0,3,0,0,6,9,13,4,3,0,0.142857143,2,0,1,1,檢測,3,地區,2,本港,2,1.697,2.127
2021,5,27,0,1,4,10,0,3,0,0,0,18,0,1,2,0,0,2,0,0,13,18,27,6,1,0,0.714285714,6,1,0,0.714285714,病毒,3,郵輪,2,疫苗,2,2.149,1.673
2021,5,28,0,0,3,8,1,0,1,0,0,13,0,0,1,0,0,2,0,0,10,13,19,7,0,1,1,5,0,0,1,新冠,3,結果,2,中心,2,1.456,1.866
2021,5,29,0,0,5,0,2,1,0,0,0,8,0,0,4,0,0,1,0,0,3,8,11,3,1,3,0.5,0,0,0,0,相關,4,食肆,3,初步,1,2.45,2.105
2021,5,30,0,1,3,1,2,0,0,0,0,7,0,0,0,0,1,3,0,0,3,7,13,4,3,0,0.142857143,1,1,0,0,人數,2,疫情,1,555,1,2.135,1.932
2021,5,31,0,0,2,2,1,2,0,0,0,7,0,0,0,0,0,2,0,0,5,7,11,6,0,1,1,2,1,0,0.333333333,沒有,2,新增,2,新冠,2,2.181,2.072
2021,6,1,0,2,3,5,1,0,0,0,0,11,0,0,1,0,2,2,0,0,6,11,18,7,0,0,1,6,0,0,1,疫情,2,警署,2,駐守灣,2,1.566,1.965
2021,6,2,0,0,6,8,2,0,0,0,0,16,0,0,3,0,0,3,0,0,10,16,23,6,0,0,1,6,2,0,0.5,男警,4,檢測,3,傳播,3,1.46,2.302
2021,6,3,0,0,7,9,1,1,0,0,0,18,0,0,7,0,0,0,0,0,11,18,18,7,0,0,1,4,4,0,0,疫苗,7,男警,4,新冠,3,2.746,0.983
2021,6,4,0,0,2,0,1,0,0,0,0,3,0,0,0,0,0,2,0,0,1,3,6,1,1,1,0,0,0,0,0,人數,1,美國,1,檢測,1,2.628,1.726
2021,6,5,0,1,7,8,2,0,0,0,0,18,0,0,5,0,0,2,1,0,10,18,26,5,2,0,0.428571429,7,0,1,1,接種,3,疫苗,3,教育展,3,2.141,1.342
2021,6,6,0,4,1,5,1,3,0,0,1,15,0,1,0,1,2,1,0,0,10,15,16,7,1,0,0.75,5,4,0,0.111111111,變種,10,病毒,6,女學生,1,1.112,2.036
2021,6,7,0,2,8,15,1,1,0,0,0,27,0,1,6,0,1,2,0,0,17,27,31,7,0,1,1,11,2,2,0.692307692,變種,10,接種,6,病毒,6,2.224,1.866
2021,6,8,0,2,4,6,7,0,0,0,0,19,0,0,1,0,0,3,0,0,15,19,22,5,1,1,0.666666667,7,4,1,0.272727273,病毒,9,少女,4,變種,3,1.935,2.836
2021,6,9,0,0,3,5,1,0,0,0,0,9,0,0,0,0,0,3,0,0,6,9,14,5,0,1,1,1,2,0,-0.333333333,新冠,2,中場,2,西班牙,2,4.118,4.458
2021,6,10,0,2,5,2,0,1,0,0,0,10,0,0,0,1,1,5,0,0,3,10,14,3,1,2,0.5,1,2,0,-0.333333333,接種,3,人數,2,出現,2,1.992,2.694
2021,6,11,0,1,5,8,0,0,0,0,0,14,0,1,2,0,0,3,0,0,8,14,16,4,1,1,0.6,3,4,0,-0.142857143,台灣,4,疫情,4,變種,4,3.437,4.115
2021,6,12,0,1,1,4,2,1,0,0,0,9,0,0,0,0,1,1,0,0,7,9,14,7,1,0,0.75,2,2,0,0,台灣,3,沒有,2,肺炎,2,1.93,1.988
2021,6,13,0,0,1,1,2,0,0,0,0,4,0,0,0,0,0,1,0,0,3,4,7,3,1,0,0.5,2,0,0,1,國泰,2,本港,1,衛生署,1,1.349,1.725
2021,6,14,0,0,2,3,1,1,0,0,0,7,0,0,0,0,0,2,0,0,5,7,12,5,0,2,1,1,1,0,0,人數,2,13,2,台灣,1,1.98,1.93
2021,6,15,0,0,2,0,0,0,0,0,0,2,0,0,0,0,0,2,0,0,0,2,4,0,1,1,-1,0,0,0,0,抵港,1,熔斷,1,人數,1,0.99,1.283
2021,6,16,0,4,4,8,2,0,0,0,0,18,0,0,0,2,1,4,0,0,11,18,28,7,0,1,1,6,0,1,1,驗出,3,App,3,疫情,2,1.438,2.165
2021,6,17,0,0,4,4,0,0,0,0,0,8,0,0,2,0,0,2,0,0,4,8,10,3,3,0,0,3,0,0,1,新冠,3,檢測,3,輸入,2,1.767,1.76
2021,6,18,0,0,1,2,1,0,0,0,0,4,0,0,0,0,0,1,0,0,3,4,7,4,0,0,1,2,0,0,1,美國,2,出現,1,16,1,1.474,2.314
2021,6,19,0,0,1,2,0,0,0,0,0,3,0,0,0,0,0,1,0,0,2,3,5,3,0,0,1,2,0,0,1,人數,2,新冠,1,美國,1,1.813,2.631
2021,6,20,0,0,1,3,1,0,0,0,0,5,0,0,0,0,0,1,0,0,4,5,9,4,0,1,1,1,2,0,-0.333333333,連續,2,新冠,1,輸入,1,1.933,2.566
2021,6,21,0,1,0,2,0,0,0,0,0,3,0,0,0,0,0,0,0,0,3,3,4,3,0,0,1,2,1,0,0.333333333,台灣,2,600,2,連續,1,2.712,2.387
2021,6,22,0,1,3,1,0,0,0,0,0,5,0,1,0,0,0,3,0,0,1,5,10,4,0,1,1,1,0,0,1,人數,1,美國,1,變種,1,1.563,1.75
2021,6,23,0,1,0,5,0,0,0,0,0,6,0,0,0,0,0,0,0,0,6,6,11,5,1,0,0.666666667,2,1,0,0.333333333,台灣,2,輸入,1,香港,1,1.736,2.051
2021,6,24,0,0,5,2,0,0,0,0,0,7,0,0,5,0,0,0,0,0,2,7,7,2,3,1,-0.2,0,1,0,-1,大埔,5,逸雅苑,3,檢測,2,1.832,1.679
2021,6,25,0,0,4,4,1,1,0,0,0,10,0,0,0,0,0,4,0,0,6,10,14,6,0,0,1,2,2,0,0,變種,3,檢測,3,病毒,2,1.468,2.337
2021,6,26,0,0,2,5,2,0,0,0,0,9,0,0,1,0,0,1,0,0,7,9,12,7,0,0,1,3,1,1,0.5,新冠,4,檢測,3,人數,2,1.926,2.798
2021,6,27,0,0,0,1,0,0,0,0,0,1,0,0,0,0,0,0,0,0,1,1,2,1,0,0,1,0,0,0,0,台灣,1,病例,1,,0,1.871,2.629
2021,6,28,0,1,1,3,2,0,0,0,0,7,0,1,0,0,0,1,0,0,5,7,8,4,2,1,0.333333333,2,0,0,1,大埔,5,地勤,3,超過,1,2.339,2.257
2021,6,29,0,0,3,5,0,0,0,0,0,8,0,0,1,0,0,2,0,0,5,8,13,6,0,0,1,2,1,0,0.333333333,檢測,3,抵港,2,冠狀,1,1.54,1.948
2021,6,30,0,0,2,2,0,0,0,0,0,4,0,0,0,0,0,2,0,0,2,4,7,4,0,0,1,0,1,0,-1,人數,2,病例,1,台灣,1,2.037,2.502
2021,7,1,0,0,1,2,2,1,0,0,0,6,0,0,0,0,0,1,0,0,5,6,12,5,1,0,0.666666667,2,1,0,0.333333333,卡島,1,群組,1,台灣,1,3.164,2.658
2021,7,2,0,0,6,3,0,0,0,0,0,9,0,0,4,0,0,2,0,0,3,9,12,3,1,2,0.5,2,0,0,1,澳門,4,清零,2,檢測,2,1.328,2.264
2021,7,3,0,0,11,4,1,0,0,0,0,16,0,0,10,0,0,1,0,0,5,16,18,6,0,1,1,1,2,0,-0.333333333,檢測,10,接種,5,通關,2,2.635,0.909
2021,7,4,0,1,4,3,1,0,0,0,0,9,0,0,2,0,0,2,0,0,5,9,18,4,2,1,0.333333333,1,2,0,-0.333333333,扶手,1,易燃物品,1,澳門,1,3.76,1.438
2021,7,5,0,0,2,1,0,0,0,0,0,3,0,0,2,0,0,0,0,0,1,3,6,2,1,0,0.333333333,0,0,0,0,醫院,1,一宗,1,登記,1,2.346,1.182
2021,7,6,0,2,6,4,0,0,0,0,0,12,0,1,3,0,1,3,0,0,4,12,14,2,3,1,-0.2,2,0,0,1,變種,3,美國,3,接種,3,1.851,2.177
2021,7,7,0,1,3,3,1,0,0,0,0,8,0,0,3,0,1,0,0,0,4,8,13,3,3,0,0,1,1,0,0,疫苗,3,新冠,2,檢測,1,1.256,1.579
2021,7,8,0,0,2,1,0,0,0,0,0,3,0,0,1,0,0,1,0,0,1,3,6,3,0,0,1,1,0,0,1,新冠,1,抵港,1,人數,1,1.956,2.486
2021,7,9,0,0,3,3,0,0,0,0,0,6,0,0,1,0,0,2,0,0,3,6,9,6,0,0,1,2,0,0,1,住戶,2,新冠,2,人數,2,3.022,3.145
2021,7,10,0,0,8,7,1,0,0,0,0,16,0,0,5,0,0,3,0,0,8,16,22,7,0,0,1,1,1,0,0,韓亞,5,宗輸入,3,新冠,3,2.222,3.044
2021,7,11,0,0,3,4,0,0,0,0,0,7,0,0,3,0,0,0,0,0,4,7,10,6,0,0,1,2,0,0,1,接種,3,抵港,2,檢測,2,1.519,1.778
2021,7,12,0,0,8,7,1,0,0,0,0,16,0,0,5,0,0,3,0,0,8,16,18,7,0,0,1,5,3,0,0.25,機場,6,新冠,5,疫苗,4,4.139,3.39
2021,7,13,0,0,2,4,3,0,0,0,0,9,0,0,0,0,0,2,0,0,7,9,14,5,1,1,0.666666667,2,0,0,1,機場,3,傳播,2,人數,2,1.626,2.117
2021,7,14,0,0,2,1,0,0,0,0,0,3,0,0,1,0,0,1,0,0,1,3,5,2,1,0,0.333333333,0,0,0,0,人員,2,自俄羅斯,1,機組,1,2.259,3.865
2021,7,15,0,0,1,5,0,0,0,0,0,6,0,0,0,0,0,1,0,0,5,6,9,5,1,0,0.666666667,3,1,0,0.5,人數,2,變種,2,三宗,2,2.266,3.758
2021,7,16,0,0,4,7,1,0,0,0,0,12,0,0,2,0,0,2,0,0,8,12,19,6,0,0,1,3,0,0,1,客機,3,德國漢莎,2,累計,2,2.584,4.567
2021,7,17,0,1,2,4,1,0,0,0,0,8,0,0,1,0,0,1,0,0,6,8,14,6,1,0,0.714285714,2,1,0,0.333333333,疫苗,2,新冠,2,本地,1,2.412,4.565
2021,7,18,0,0,3,3,0,0,0,0,0,6,0,0,1,0,0,2,0,0,3,6,8,5,0,1,1,1,0,0,1,東京,3,輸入,2,奧運村,2,1.964,4.247
2021,7,19,0,0,3,5,0,0,0,0,0,8,0,0,1,0,0,2,0,0,5,8,11,6,0,0,1,1,0,1,1,東京,3,連續,2,41,2,3.072,4.486
2021,7,20,0,0,2,9,1,0,0,0,0,12,0,0,1,0,0,1,0,0,10,12,19,5,0,1,1,7,0,0,1,奧運,3,東京,2,本港,2,1.638,3.55
2021,7,21,0,0,3,2,1,0,0,0,0,6,0,0,1,0,0,2,0,0,3,6,12,4,2,0,0.333333333,2,0,0,1,名確診,1,醫院,1,田田,1,2.278,3.674
2021,7,22,0,1,2,2,2,0,0,0,0,7,0,0,0,0,1,2,0,0,4,7,14,6,1,0,0.714285714,1,0,0,1,台灣,1,死亡,1,奧運,1,2.019,3.592
2021,7,23,0,0,3,0,1,0,0,0,0,4,0,0,0,0,0,3,0,0,1,4,8,2,0,2,1,1,0,0,1,抵港,1,阿聯酋,1,肺炎,1,1.724,3.823
2021,7,24,0,0,4,4,1,0,0,0,0,9,0,0,2,0,0,2,0,0,5,9,17,7,0,0,1,2,0,0,1,人數,2,美國,1,冠狀,1,2.381,3.736
2021,7,25,0,0,0,0,0,0,0,0,0,0,0,0,0,0,0,0,0,0,0,0,0,0,0,0,0,0,0,0,0,,0,,0,,0,1.915,3.06
2021,7,26,0,0,0,1,0,0,0,0,0,1,0,0,0,0,0,0,0,0,1,1,2,1,0,0,1,0,0,0,0,香港,1,宗輸入,1,,0,2.931,3.209
2021,7,27,0,0,2,1,0,2,0,0,0,5,0,0,1,0,0,1,0,0,3,5,7,4,1,0,0.6,1,0,0,1,沒有,3,吹哨,2,新冠,1,1.46,2.591
2021,7,28,0,0,0,1,1,0,0,0,0,2,0,0,0,0,0,0,0,0,2,2,4,2,0,0,1,0,1,0,-1,單日,1,防疫,1,人數,1,2.481,2.976
2021,7,29,0,0,0,6,0,0,0,0,0,6,0,0,0,0,0,0,0,0,6,6,10,5,0,0,1,2,2,0,0,領事,2,沙特,2,檢疫,1,2.075,2.749
2021,7,30,1,0,1,0,0,0,0,0,0,2,0,0,1,0,0,0,0,0,1,2,4,0,2,0,-1,0,0,0,0,疫苗,1,呈陽性,1,46,1,2.251,3.351
2021,7,31,0,0,0,0,0,0,0,0,0,0,0,0,0,0,0,0,0,0,0,0,0,0,0,0,0,0,0,0,0,,0,,0,,0,2.483,4.691
